bug_id,"product","component","assigned_to","bug_status","resolution","opendate","changeddate"
299874,"WebKit","JavaScriptCore","webkit-unassigned","NEW",,"2025-09-30 07:30:20","2025-09-30 07:44:08"
300016,"WebKit","WebRTC","webkit-unassigned","NEW",,"2025-10-02 02:44:40","2025-10-02 10:19:00"
298982,"WebKit","WebCore Misc.","achristensen","NEW",,"2025-09-16 15:09:34","2025-09-16 23:11:55"
258073,"WebKit","Forms","ahmad.saleem792","NEW",,"2023-06-14 05:05:59","2025-09-21 20:04:34"
264010,"WebKit","SVG","ahmad.saleem792","NEW",,"2023-10-31 16:06:45","2025-09-24 01:04:31"
298000,"WebKit","CSS","ahmad.saleem792","NEW",,"2025-08-27 18:22:33","2025-09-20 06:04:49"
298659,"WebKit","Tables","ahmad.saleem792","NEW",,"2025-09-10 07:50:26","2025-09-17 07:52:33"
298718,"WebKit","WebRTC","ahmad.saleem792","NEW",,"2025-09-11 07:39:01","2025-09-18 07:40:14"
300172,"WebKit","Media","ahmad.saleem792","NEW",,"2025-10-04 09:25:10","2025-10-04 09:28:16"
295503,"WebKit","CSS","alexbdamac","NEW",,"2025-07-07 00:21:35","2025-10-03 13:07:27"
299432,"WebKit","JavaScriptCore","angelos","NEW",,"2025-09-24 03:14:17","2025-10-01 03:15:51"
300132,"WebKit","JavaScriptCore","angelos","NEW",,"2025-10-03 13:30:06","2025-10-03 13:34:48"
300231,"WebKit","JavaScriptCore","angelos","NEW",,"2025-10-06 04:50:42","2025-10-06 04:54:42"
299290,"WebKit","WebCore Misc.","annevk","NEW",,"2025-09-22 07:56:43","2025-09-29 07:57:10"
269535,"WebKit","UI Events","a_protyasha","NEW",,"2024-02-15 18:25:56","2025-09-24 04:12:17"
295940,"WebKit","New Bugs","basuke","NEW",,"2025-07-14 16:10:28","2025-09-16 08:24:46"
298244,"WebKit","Page Loading","basuke","NEW",,"2025-09-02 10:11:48","2025-10-06 18:19:22"
300051,"WebKit","Web Inspector","bburg","NEW",,"2025-10-02 14:43:02","2025-10-02 15:06:18"
299503,"WebKit","New Bugs","ben_schwartz","NEW",,"2025-09-24 19:14:58","2025-09-24 19:23:47"
299639,"WebKit","Tools / Tests","ben_schwartz","NEW",,"2025-09-26 15:52:53","2025-09-26 16:21:51"
299642,"WebKit","Tools / Tests","ben_schwartz","NEW",,"2025-09-26 16:27:41","2025-09-26 16:27:49"
300035,"WebKit","New Bugs","bfulgham","NEW",,"2025-10-02 11:26:42","2025-10-03 14:26:33"
299616,"WebKit","New Bugs","brandonstewart","NEW",,"2025-09-26 10:43:50","2025-09-26 10:45:24"
295780,"WebKit","JavaScriptCore","bugs-noreply","NEW",,"2025-07-11 08:34:33","2025-09-25 04:58:29"
298375,"WebKit","WPE WebKit","bugs-noreply","NEW",,"2025-09-04 01:05:50","2025-10-02 02:33:55"
299783,"WebKit","WebKitGTK","bugs-noreply","NEW",,"2025-09-29 08:21:59","2025-10-06 08:22:05"
299443,"WebKit","New Bugs","calvaris","NEW",,"2025-09-24 08:38:07","2025-09-24 08:52:54"
299946,"WebKit","New Bugs","calvaris","NEW",,"2025-10-01 04:03:27","2025-10-01 05:03:31"
299655,"WebKit","Layout and Rendering","cdumez","NEW",,"2025-09-27 02:55:38","2025-09-28 19:03:14"
297088,"WebKit","Platform","cgarcia","NEW",,"2025-08-07 16:53:32","2025-09-16 05:37:44"
298776,"WebKit","WebKitGTK","cgarcia","NEW",,"2025-09-12 08:41:04","2025-09-16 03:01:19"
300093,"WebKit","Platform","cgarcia","NEW",,"2025-10-03 04:32:38","2025-10-03 04:35:51"
290449,"WebKit","SVG","changseok","NEW",,"2025-03-26 05:17:27","2025-09-22 11:55:38"
300211,"WebKit","WebKit Misc.","com.webkit.iidmsa","NEW",,"2025-10-05 21:03:01","2025-10-05 21:34:44"
299872,"WebKit","WebKit Misc.","csaavedra","NEW",,"2025-09-30 05:43:53","2025-09-30 05:46:24"
300023,"WebKit","WebKit Misc.","csaavedra","NEW",,"2025-10-02 07:06:38","2025-10-02 07:07:42"
300250,"WebKit","JavaScriptCore","dan.hecht","NEW",,"2025-10-06 10:57:43","2025-10-06 11:00:26"
300280,"WebKit","JavaScriptCore","dan.hecht","NEW",,"2025-10-06 19:21:47","2025-10-06 19:32:34"
300285,"WebKit","JavaScriptCore","dan.hecht","NEW",,"2025-10-06 19:45:43","2025-10-06 19:48:20"
299621,"WebKit","JavaScriptCore","daniel_liu4","NEW",,"2025-09-26 11:35:06","2025-09-26 15:52:58"
300173,"WebKit","New Bugs","ddkilzer","NEW",,"2025-10-04 09:38:45","2025-10-04 09:44:30"
299705,"WebKit","Accessibility","dm_mazzoni","NEW",,"2025-09-28 11:41:05","2025-09-28 14:22:14"
299573,"WebKit","Tools / Tests","emw","NEW",,"2025-09-25 18:11:30","2025-09-26 10:17:26"
299630,"WebKit","Layout and Rendering","fantasai.bugs","NEW",,"2025-09-26 13:17:45","2025-10-02 11:50:25"
300102,"WebKit","DOM","franco_vieira","NEW",,"2025-10-03 06:56:27","2025-10-05 17:05:41"
298774,"WebKit","New Bugs","fred.wang","NEW",,"2025-09-12 07:36:45","2025-09-23 06:28:28"
300302,"WebKit","New Bugs","fred.wang","NEW",,"2025-10-07 00:57:20","2025-10-07 01:03:08"
299733,"WebKit","New Bugs","gavin.p","NEW",,"2025-09-29 06:53:08","2025-09-29 07:03:19"
300255,"WebKit","Animations","graouts","NEW",,"2025-10-06 12:31:41","2025-10-06 12:33:37"
299025,"WebKit","Tools / Tests","jbedard","NEW",,"2025-09-17 10:49:11","2025-09-17 11:08:39"
300193,"WebKit","Media","jean-yves.avenard","NEW",,"2025-10-05 04:47:51","2025-10-05 05:29:18"
300216,"WebKit","Media","jean-yves.avenard","NEW",,"2025-10-05 23:15:49","2025-10-05 23:16:40"
300218,"WebKit","Media","jean-yves.avenard","NEW",,"2025-10-05 23:51:00","2025-10-06 05:31:35"
300270,"WebKit","Media","jean-yves.avenard","NEW",,"2025-10-06 16:05:34","2025-10-06 23:19:41"
300306,"WebKit","Media","jean-yves.avenard","NEW",,"2025-10-07 01:33:03","2025-10-07 01:45:45"
300258,"WebKit","Media","jer.noble","NEW",,"2025-10-06 13:54:16","2025-10-06 14:00:31"
298684,"WebKit","JavaScriptCore","jmichaud","NEW",,"2025-09-10 14:42:54","2025-09-17 14:43:12"
299301,"WebKit","JavaScriptCore","jmichaud","NEW",,"2025-09-22 10:05:37","2025-09-29 10:06:12"
300246,"WebKit","JavaScriptCore","jmichaud","NEW",,"2025-10-06 10:47:24","2025-10-06 10:48:26"
299623,"WebKit","New Bugs","keith_miller","NEW",,"2025-09-26 11:45:05","2025-09-26 13:06:35"
289743,"WebKit","CSS","kiet.ho","NEW",,"2025-03-13 15:54:49","2025-09-29 19:28:01"
299141,"WebKit","CSS","kiet.ho","NEW",,"2025-09-18 17:55:05","2025-09-18 23:45:44"
299561,"WebKit","CSS","kiet.ho","NEW",,"2025-09-25 15:08:10","2025-09-25 15:09:10"
299939,"WebKit","CSS","kiet.ho","NEW",,"2025-10-01 00:12:40","2025-10-01 00:12:49"
298933,"WebKit","WebKit Process Model","kkinnunen","NEW",,"2025-09-16 02:54:23","2025-09-16 03:50:25"
299072,"WebKit","CSS","kkinnunen","NEW",,"2025-09-18 01:19:59","2025-09-18 01:26:10"
299388,"WebKit","New Bugs","kkinnunen","NEW",,"2025-09-23 12:13:16","2025-09-23 12:40:26"
300088,"WebKit","WebGL","kkinnunen","NEW",,"2025-10-03 02:40:04","2025-10-03 02:53:30"
300230,"WebKit","WebKit Process Model","kkinnunen","NEW",,"2025-10-06 04:32:09","2025-10-06 04:52:27"
299213,"WebKit","New Bugs","lily_spiniolas","NEW",,"2025-09-19 15:31:52","2025-09-19 15:32:19"
300153,"WebKit","New Bugs","lily_spiniolas","NEW",,"2025-10-03 17:17:41","2025-10-03 18:03:41"
220677,"WebKit","WebKit Website","lingho","NEW",,"2021-01-15 17:21:21","2025-09-16 17:46:36"
298656,"WebKit","WebDriver","lmoura","NEW",,"2025-09-10 06:53:42","2025-09-17 06:54:25"
299505,"WebKit","WebKitGTK","lmoura","NEW",,"2025-09-24 21:22:51","2025-09-25 01:25:25"
299732,"WebKit","WPE WebKit","lmoura","NEW",,"2025-09-29 06:52:27","2025-09-29 17:59:33"
299965,"WebKit","WPE WebKit","lmoura","NEW",,"2025-10-01 10:42:07","2025-10-01 13:57:25"
284398,"WebKit","CSS","lwarlow","NEW",,"2024-12-10 12:29:38","2025-09-24 06:19:27"
299906,"WebKit","WebKit Process Model","mattwoodrow","NEW",,"2025-09-30 16:06:01","2025-09-30 16:09:18"
299689,"WebKit","New Bugs","mcatanzaro","NEW",,"2025-09-28 00:08:23","2025-10-05 00:09:15"
296655,"WebKit","Website Storage","m_finkel","NEW",,"2025-07-29 14:45:34","2025-10-06 15:55:38"
6148,"WebKit","Layout and Rendering","mmaxfield","NEW",,"2005-12-19 04:47:00","2025-10-01 07:11:03"
299834,"WebKit","New Bugs","Morningstar","NEW",,"2025-09-29 17:16:56","2025-10-01 10:25:31"
299977,"WebKit","Tools / Tests","Morningstar","NEW",,"2025-10-01 12:34:19","2025-10-01 14:19:31"
299037,"WebKit","WebGPU","mwyrzykowski","NEW",,"2025-09-17 13:45:39","2025-09-17 13:47:24"
299326,"WebKit","WebKit Misc.","mwyrzykowski","NEW",,"2025-09-22 15:39:16","2025-09-24 17:29:39"
299470,"WebKit","WebCore Misc.","mwyrzykowski","NEW",,"2025-09-24 12:52:58","2025-09-29 16:51:37"
299638,"WebKit","WebKit Process Model","nham","NEW",,"2025-09-26 15:51:31","2025-09-26 15:53:48"
300267,"WebKit","WebKit Misc.","nham","NEW",,"2025-10-06 14:55:30","2025-10-06 14:58:35"
299509,"WebKit","Tools / Tests","ntim","NEW",,"2025-09-25 00:21:39","2025-09-25 00:35:50"
300061,"WebKit","CSS","ntim","NEW",,"2025-10-02 17:31:59","2025-10-02 17:34:19"
300066,"WebKit","CSS","ntim","NEW",,"2025-10-02 17:56:11","2025-10-02 17:57:46"
299200,"WebKit","New Bugs","pascoe","NEW",,"2025-09-19 12:02:04","2025-09-19 12:02:11"
299005,"WebKit","Platform","philn","NEW",,"2025-09-17 01:34:47","2025-09-17 01:38:08"
299252,"WebKit","Platform","philn","NEW",,"2025-09-21 03:08:16","2025-10-04 04:14:30"
299944,"WebKit","Media","philn","NEW",,"2025-10-01 02:15:37","2025-10-01 02:16:19"
300307,"WebKit","WebRTC","philn","NEW",,"2025-10-07 01:33:30","2025-10-07 01:39:31"
299766,"WebKit","WebKit Process Model","pvollan","NEW",,"2025-09-29 07:56:08","2025-09-29 08:01:16"
299947,"WebKit","WebKit Process Model","pvollan","NEW",,"2025-10-01 04:20:23","2025-10-01 04:29:51"
300019,"WebKit","WebKit Process Model","pvollan","NEW",,"2025-10-02 04:35:13","2025-10-02 04:37:54"
298911,"WebKit","Web Inspector","qianlangchen","NEW",,"2025-09-15 17:29:00","2025-10-02 17:21:28"
299607,"WebKit","Web Inspector","qianlangchen","NEW",,"2025-09-26 09:22:09","2025-09-26 09:47:20"
300032,"WebKit","Web Inspector","qianlangchen","NEW",,"2025-10-02 10:32:55","2025-10-02 10:44:21"
300272,"WebKit","WebXR","rackler","NEW",,"2025-10-06 16:33:34","2025-10-06 16:34:52"
256956,"WebKit","SVG","rbuis","NEW",,"2023-05-18 02:35:06","2025-10-06 09:37:58"
294206,"WebKit","SVG","rbuis","NEW",,"2025-06-09 09:08:35","2025-09-22 08:47:37"
300100,"WebKit","New Bugs","rbuis","NEW",,"2025-10-03 06:09:00","2025-10-03 06:15:47"
299277,"WebKit","Web Inspector","rcaliman","NEW",,"2025-09-22 01:29:52","2025-09-22 05:22:07"
300034,"WebKit","Web Inspector","rcaliman","NEW",,"2025-10-02 11:14:39","2025-10-02 11:22:07"
300303,"WebKit","New Bugs","rkonda2","NEW",,"2025-10-07 01:02:07","2025-10-07 01:08:16"
148695,"WebKit","DOM","rniwa","NEW",,"2015-09-01 16:44:10","2025-10-01 10:35:13"
154907,"WebKit","DOM","rniwa","NEW",,"2016-03-01 21:45:31","2025-09-28 22:35:20"
299281,"WebKit","New Bugs","rniwa","NEW",,"2025-09-22 04:09:10","2025-09-29 04:11:30"
300293,"WebKit","New Bugs","rniwa","NEW",,"2025-10-06 22:03:43","2025-10-06 22:08:58"
299184,"WebKit","Tools / Tests","rreno","NEW",,"2025-09-19 09:27:40","2025-09-19 10:15:22"
299229,"WebKit","DOM","rreno","NEW",,"2025-09-19 21:52:24","2025-09-19 21:54:32"
299918,"WebKit","New Bugs","rupin","NEW",,"2025-09-30 17:15:28","2025-09-30 17:32:15"
298540,"WebKit","SVG","sabouhallawa","NEW",,"2025-09-08 09:19:58","2025-09-28 22:57:08"
299554,"WebKit","Images","sabouhallawa","NEW",,"2025-09-25 14:35:40","2025-09-25 14:41:14"
287535,"WebKit","CSS","sam","NEW",,"2025-02-11 18:14:44","2025-09-30 19:34:49"
299256,"WebKit","CSS","sam","NEW",,"2025-09-21 11:16:19","2025-09-28 11:17:15"
299651,"WebKit","CSS","sam","NEW",,"2025-09-26 20:16:31","2025-10-03 20:18:45"
299908,"WebKit","CSS","sam","NEW",,"2025-09-30 16:14:52","2025-10-06 06:15:51"
299909,"WebKit","CSS","sam","NEW",,"2025-09-30 16:17:25","2025-09-30 16:17:25"
299912,"WebKit","CSS","sam","NEW",,"2025-09-30 16:39:00","2025-09-30 16:39:00"
300074,"WebKit","Text","sam","NEW",,"2025-10-02 20:32:19","2025-10-06 06:14:15"
300122,"WebKit","CSS","sam","NEW",,"2025-10-03 10:40:26","2025-10-03 11:10:29"
300159,"WebKit","CSS","sam","NEW",,"2025-10-03 19:16:23","2025-10-03 19:33:10"
300180,"WebKit","Platform","sam","NEW",,"2025-10-04 15:53:46","2025-10-06 06:10:32"
300234,"WebKit","WebCore Misc.","sam","NEW",,"2025-10-06 06:42:04","2025-10-06 06:45:15"
300235,"WebKit","WebKit Misc.","sam","NEW",,"2025-10-06 06:47:54","2025-10-06 06:51:08"
297405,"WebKit","Layout and Rendering","sgill26","NEW",,"2025-08-14 10:56:53","2025-09-23 08:41:14"
300138,"WebKit","New Bugs","sihui_liu","NEW",,"2025-10-03 15:08:13","2025-10-03 15:27:08"
300182,"WebKit","New Bugs","sihui_liu","NEW",,"2025-10-04 17:36:43","2025-10-04 17:39:31"
300294,"WebKit","New Bugs","sihui_liu","NEW",,"2025-10-06 22:31:43","2025-10-06 22:45:05"
244756,"WebKit","Tools / Tests","simon.fraser","NEW",,"2022-09-02 20:42:17","2025-09-26 10:44:37"
262287,"WebKit","Scrolling","simon.fraser","NEW",,"2023-09-28 01:28:13","2025-10-07 01:48:20"
299577,"WebKit","Scrolling","simon.fraser","NEW",,"2025-09-25 18:32:25","2025-09-25 18:35:25"
299055,"WebKit","New Bugs","simon.lewis","NEW",,"2025-09-17 16:13:15","2025-09-17 17:09:22"
300141,"WebKit","WebKit Process Model","simon.lewis","NEW",,"2025-10-03 15:15:46","2025-10-03 15:19:27"
299525,"WebKit","WebXR","spena","NEW",,"2025-09-25 07:00:30","2025-09-25 08:22:33"
299614,"WebKit","New Bugs","sun.shin","NEW",,"2025-09-26 10:36:24","2025-09-30 08:09:58"
299626,"WebKit","WebKit Misc.","sun.shin","NEW",,"2025-09-26 12:15:44","2025-09-30 08:08:58"
298955,"WebKit","WebXR","svillar","NEW",,"2025-09-16 08:18:36","2025-09-16 08:23:04"
299387,"WebKit","WebXR","svillar","NEW",,"2025-09-23 11:56:07","2025-09-24 16:28:01"
299864,"WebKit","WebXR","svillar","NEW",,"2025-09-30 00:36:44","2025-10-07 00:38:08"
300241,"WebKit","WebXR","svillar","NEW",,"2025-10-06 08:55:21","2025-10-06 09:07:21"
299885,"WebKit","CSS","taher_ali","NEW",,"2025-09-30 11:28:03","2025-09-30 12:26:29"
300026,"WebKit","CSS","taher_ali","NEW",,"2025-10-02 07:17:22","2025-10-02 11:59:07"
300052,"WebKit","CSS","taher_ali","NEW",,"2025-10-02 14:50:27","2025-10-02 15:49:01"
298565,"WebKit","JavaScriptCore","tjc","NEW",,"2025-09-08 16:05:27","2025-10-06 16:28:05"
299979,"WebKit","Accessibility","tyler_w","NEW",,"2025-10-01 12:56:11","2025-10-01 15:10:12"
300256,"WebKit","Accessibility","tyler_w","NEW",,"2025-10-06 12:36:11","2025-10-06 12:37:32"
299416,"WebKit","JavaScriptCore","v_bykov","NEW",,"2025-09-23 21:17:09","2025-09-24 10:06:26"
18778,"WebKit","Tools / Tests","webkit-unassigned","NEW",,"2008-04-28 01:13:16","2025-09-29 14:33:16"
42337,"WebKit","WebKit2","webkit-unassigned","NEW",,"2010-07-14 21:58:59","2025-09-29 18:03:44"
136754,"WebKit","Layout and Rendering","webkit-unassigned","NEW",,"2014-09-11 13:25:34","2025-09-30 19:17:20"
142748,"WebKit","Platform","webkit-unassigned","NEW",,"2015-03-16 14:36:33","2025-10-06 14:11:24"
142968,"WebKit","CSS","webkit-unassigned","NEW",,"2015-03-23 09:17:50","2025-09-28 23:31:13"
146351,"WebKit","Media","webkit-unassigned","NEW",,"2015-06-26 10:50:29","2025-10-06 00:43:09"
191367,"WebKit","Layout and Rendering","webkit-unassigned","NEW",,"2018-11-07 08:49:37","2025-09-16 07:24:20"
194593,"WebKit","New Bugs","webkit-unassigned","NEW",,"2019-02-13 08:38:30","2025-09-22 08:02:51"
196596,"WebKit","SVG","webkit-unassigned","NEW",,"2019-04-04 03:16:44","2025-09-24 01:49:38"
200916,"WebKit","Layout and Rendering","webkit-unassigned","NEW",,"2019-08-20 02:30:48","2025-09-24 01:45:00"
202287,"WebKit","UI Events","webkit-unassigned","NEW",,"2019-09-26 14:12:32","2025-09-23 03:38:08"
202302,"WebKit","MathML","webkit-unassigned","NEW",,"2019-09-27 00:51:52","2025-10-02 04:37:56"
206653,"WebKit","New Bugs","webkit-unassigned","NEW",,"2020-01-23 05:16:23","2025-09-30 16:22:46"
211282,"WebKit","SVG","webkit-unassigned","NEW",,"2020-05-01 04:21:03","2025-09-23 23:51:12"
227131,"WebKit","SVG","webkit-unassigned","NEW",,"2021-06-17 09:33:30","2025-09-23 17:20:46"
227967,"WebKit","Platform","webkit-unassigned","NEW",,"2021-07-14 14:16:35","2025-09-18 11:38:45"
233705,"WebKit","WebKit Misc.","webkit-unassigned","NEW",,"2021-12-01 08:12:31","2025-09-17 16:31:24"
238388,"WebKit","WebRTC","webkit-unassigned","NEW",,"2022-03-25 10:44:23","2025-09-18 22:46:59"
238873,"WebKit","Platform","webkit-unassigned","NEW",,"2022-04-06 10:06:27","2025-09-17 01:38:08"
244139,"WebKit","Layout and Rendering","webkit-unassigned","NEW",,"2022-08-19 13:42:54","2025-09-19 09:19:47"
245347,"WebKit","CSS","webkit-unassigned","NEW",,"2022-09-18 17:07:48","2025-09-30 01:12:57"
245722,"WebKit","Scrolling","webkit-unassigned","NEW",,"2022-09-27 03:09:58","2025-09-23 22:49:10"
246333,"WebKit","WebRTC","webkit-unassigned","NEW",,"2022-10-11 05:19:04","2025-09-19 03:37:34"
247897,"WebKit","WebRTC","webkit-unassigned","NEW",,"2022-11-14 07:48:26","2025-09-16 03:47:15"
250331,"WebKit","DOM","webkit-unassigned","NEW",,"2023-01-09 11:35:29","2025-09-25 17:16:53"
250970,"WebKit","Animations","webkit-unassigned","NEW",,"2023-01-22 04:33:03","2025-10-06 13:45:33"
252038,"WebKit","Forms","webkit-unassigned","NEW",,"2023-02-10 01:45:25","2025-09-25 09:00:56"
255986,"WebKit","WebRTC","webkit-unassigned","NEW",,"2023-04-26 07:48:53","2025-09-18 02:20:09"
256080,"WebKit","WebKitGTK","webkit-unassigned","NEW",,"2023-04-28 01:06:17","2025-09-29 14:43:06"
256419,"WebKit","CSS","webkit-unassigned","NEW",,"2023-05-06 09:27:59","2025-10-01 20:25:11"
256593,"WebKit","WebRTC","webkit-unassigned","NEW",,"2023-05-10 10:02:46","2025-09-19 05:37:31"
259770,"WebKit","Layout and Rendering","webkit-unassigned","NEW",,"2023-08-03 02:53:41","2025-09-29 03:06:20"
259856,"WebKit","CSS","webkit-unassigned","NEW",,"2023-08-04 22:29:16","2025-09-30 19:50:30"
260478,"WebKit","WebKitGTK","webkit-unassigned","NEW",,"2023-08-21 12:26:49","2025-10-06 14:12:57"
260723,"WebKit","WebKitGTK","webkit-unassigned","NEW",,"2023-08-25 11:42:50","2025-09-18 04:52:01"
261461,"WebKit","WebRTC","webkit-unassigned","NEW",,"2023-09-12 01:47:19","2025-09-18 05:15:04"
261655,"WebKit","Page Loading","webkit-unassigned","NEW",,"2023-09-17 10:43:59","2025-10-01 10:16:28"
262791,"WebKit","WebRTC","webkit-unassigned","NEW",,"2023-10-06 09:10:15","2025-09-18 03:35:35"
263208,"WebKit","WebKitGTK","webkit-unassigned","NEW",,"2023-10-16 12:43:37","2025-10-03 06:48:34"
263417,"WebKit","WebKitGTK","webkit-unassigned","NEW",,"2023-10-19 15:29:28","2025-09-26 15:49:29"
263692,"WebKit","WebGPU","webkit-unassigned","NEW",,"2023-10-25 15:59:34","2025-10-01 16:28:44"
264485,"WebKit","WPE WebKit","webkit-unassigned","NEW",,"2023-11-09 07:03:02","2025-09-26 16:43:06"
266314,"WebKit","Layout and Rendering","webkit-unassigned","NEW",,"2023-12-12 17:14:17","2025-09-27 16:30:16"
267291,"WebKit","Canvas","webkit-unassigned","NEW",,"2024-01-09 11:46:33","2025-10-03 02:40:04"
269197,"WebKit","Layout and Rendering","webkit-unassigned","NEW",,"2024-02-12 08:29:03","2025-09-30 13:41:04"
272277,"WebKit","CSS","webkit-unassigned","NEW",,"2024-04-06 01:44:14","2025-10-01 09:17:46"
272350,"WebKit","Images","webkit-unassigned","NEW",,"2024-04-08 13:44:24","2025-10-06 02:29:09"
273682,"WebKit","WebKitGTK","webkit-unassigned","NEW",,"2024-05-03 06:15:02","2025-09-26 15:46:50"
274145,"WebKit","Layout and Rendering","webkit-unassigned","NEW",,"2024-05-14 04:35:02","2025-10-02 21:36:54"
274177,"WebKit","CSS","webkit-unassigned","NEW",,"2024-05-14 12:46:52","2025-09-22 22:34:00"
275664,"WebKit","Web Inspector","webkit-unassigned","NEW",,"2024-06-19 06:19:01","2025-10-03 05:20:34"
276727,"WebKit","CSS","webkit-unassigned","NEW",,"2024-07-17 12:16:14","2025-10-06 00:50:16"
276813,"WebKit","Web Audio","webkit-unassigned","NEW",,"2024-07-19 05:09:18","2025-09-17 05:03:24"
277290,"WebKit","Accessibility","webkit-unassigned","NEW",,"2024-07-29 15:46:09","2025-09-26 15:31:52"
277878,"WebKit","WebCore Misc.","webkit-unassigned","NEW",,"2024-08-09 12:53:38","2025-09-21 20:40:40"
279285,"WebKit","JavaScriptCore","webkit-unassigned","NEW",,"2024-09-06 14:24:59","2025-09-18 05:21:03"
281131,"WebKit","CSS","webkit-unassigned","NEW",,"2024-10-09 03:18:03","2025-10-01 22:47:08"
281223,"WebKit","DOM","webkit-unassigned","NEW",,"2024-10-10 07:23:44","2025-09-23 21:31:35"
283070,"WebKit","Accessibility","webkit-unassigned","NEW",,"2024-11-13 11:55:11","2025-09-23 23:20:55"
284624,"WebKit","WebKit Extensions","webkit-unassigned","NEW",,"2024-12-13 04:03:07","2025-09-18 11:40:00"
285908,"WebKit","WebKitGTK","webkit-unassigned","NEW",,"2025-01-14 06:16:45","2025-09-26 15:48:59"
286063,"WebKit","WebKitGTK","webkit-unassigned","NEW",,"2025-01-16 06:54:06","2025-09-26 15:50:42"
286642,"WebKit","Forms","webkit-unassigned","NEW",,"2025-01-28 13:10:31","2025-10-02 05:56:59"
286746,"WebKit","WebRTC","webkit-unassigned","NEW",,"2025-01-30 08:02:48","2025-09-17 04:36:38"
287982,"WebKit","Layout and Rendering","webkit-unassigned","NEW",,"2025-02-19 10:49:59","2025-09-23 07:26:20"
288622,"WebKit","WebGPU","webkit-unassigned","NEW",,"2025-02-26 10:42:32","2025-09-17 14:26:03"
289787,"WebKit","New Bugs","webkit-unassigned","NEW",,"2025-03-14 05:22:04","2025-10-01 05:03:31"
291856,"WebKit","New Bugs","webkit-unassigned","NEW",,"2025-04-21 14:21:43","2025-10-02 17:52:23"
291892,"WebKit","Web Audio","webkit-unassigned","NEW",,"2025-04-22 03:09:41","2025-10-03 10:04:14"
292603,"WebKit","WebKit Misc.","webkit-unassigned","NEW",,"2025-05-06 04:53:54","2025-09-29 03:02:33"
292727,"WebKit","DOM","webkit-unassigned","NEW",,"2025-05-08 09:19:06","2025-09-30 19:59:47"
292975,"WebKit","New Bugs","webkit-unassigned","NEW",,"2025-05-14 00:29:09","2025-09-26 09:54:05"
293476,"WebKit","Layout and Rendering","webkit-unassigned","NEW",,"2025-05-23 00:41:52","2025-09-16 04:30:10"
294195,"WebKit","CSS","webkit-unassigned","NEW",,"2025-06-08 22:47:14","2025-09-26 17:38:44"
294319,"WebKit","CSS","webkit-unassigned","NEW",,"2025-06-11 05:35:22","2025-10-01 19:05:09"
294381,"WebKit","WebCore Misc.","webkit-unassigned","NEW",,"2025-06-12 03:09:35","2025-09-26 00:40:59"
294494,"WebKit","WebKitGTK","webkit-unassigned","NEW",,"2025-06-13 23:51:03","2025-10-05 17:09:32"
294602,"WebKit","WebGPU","webkit-unassigned","NEW",,"2025-06-17 03:11:26","2025-10-03 07:58:55"
294967,"WebKit","WebKitGTK","webkit-unassigned","NEW",,"2025-06-25 04:02:24","2025-09-27 11:03:42"
295132,"WebKit","Animations","webkit-unassigned","NEW",,"2025-06-27 17:44:32","2025-09-30 16:40:58"
295350,"WebKit","New Bugs","webkit-unassigned","NEW",,"2025-07-02 12:10:06","2025-09-19 14:59:24"
295455,"WebKit","Media","webkit-unassigned","NEW",,"2025-07-04 02:59:58","2025-10-01 21:53:35"
295570,"WebKit","DOM","webkit-unassigned","NEW",,"2025-07-07 21:46:06","2025-10-06 02:35:28"
295679,"WebKit","WebKitGTK","webkit-unassigned","NEW",,"2025-07-09 17:55:59","2025-09-28 07:44:09"
296378,"WebKit","SVG","webkit-unassigned","NEW",,"2025-07-23 05:50:48","2025-10-06 18:14:16"
296715,"WebKit","Accessibility","webkit-unassigned","NEW",,"2025-07-30 12:51:26","2025-09-26 07:00:37"
297191,"WebKit","WebKit Misc.","webkit-unassigned","NEW",,"2025-08-10 01:00:17","2025-09-18 04:13:46"
297357,"WebKit","WPE WebKit","webkit-unassigned","NEW",,"2025-08-13 13:17:53","2025-09-16 08:08:29"
297512,"WebKit","JavaScriptCore","webkit-unassigned","NEW",,"2025-08-16 19:43:23","2025-09-23 09:00:56"
297620,"WebKit","Layout and Rendering","webkit-unassigned","NEW",,"2025-08-19 14:50:31","2025-09-23 18:14:16"
297734,"WebKit","CSS","webkit-unassigned","NEW",,"2025-08-21 10:01:43","2025-09-30 18:04:42"
297904,"WebKit","Media","webkit-unassigned","NEW",,"2025-08-26 07:34:30","2025-09-16 07:31:52"
297921,"WebKit","WebKitGTK","webkit-unassigned","NEW",,"2025-08-26 11:16:01","2025-09-23 08:24:54"
298401,"WebKit","Layout and Rendering","webkit-unassigned","NEW",,"2025-09-04 09:42:25","2025-10-01 23:04:22"
298402,"WebKit","New Bugs","webkit-unassigned","NEW",,"2025-09-04 10:22:49","2025-09-19 19:12:33"
298405,"WebKit","New Bugs","webkit-unassigned","NEW",,"2025-09-04 10:43:24","2025-09-25 13:12:54"
298513,"WebKit","Layout and Rendering","webkit-unassigned","NEW",,"2025-09-07 11:42:01","2025-10-03 01:14:22"
298556,"WebKit","New Bugs","webkit-unassigned","NEW",,"2025-09-08 14:22:06","2025-10-02 08:33:17"
298616,"WebKit","Page Loading","webkit-unassigned","NEW",,"2025-09-09 13:52:58","2025-09-24 16:20:15"
298631,"WebKit","Layout and Rendering","webkit-unassigned","NEW",,"2025-09-09 17:48:19","2025-09-16 17:55:51"
298637,"WebKit","DOM","webkit-unassigned","NEW",,"2025-09-09 21:26:16","2025-09-16 21:29:49"
298652,"WebKit","UI Events","webkit-unassigned","NEW",,"2025-09-10 05:01:40","2025-09-17 05:02:12"
298654,"WebKit","Layout and Rendering","webkit-unassigned","NEW",,"2025-09-10 06:35:23","2025-09-17 06:37:13"
298655,"WebKit","Layout and Rendering","webkit-unassigned","NEW",,"2025-09-10 06:40:08","2025-09-17 06:43:57"
298748,"WebKit","New Bugs","webkit-unassigned","NEW",,"2025-09-11 16:34:14","2025-09-18 16:35:14"
298757,"WebKit","New Bugs","webkit-unassigned","NEW",,"2025-09-11 18:37:00","2025-09-18 18:37:10"
298766,"WebKit","WebKitGTK","webkit-unassigned","NEW",,"2025-09-12 02:16:25","2025-10-01 07:36:25"
298785,"WebKit","CSS","webkit-unassigned","NEW",,"2025-09-12 11:54:56","2025-09-16 17:35:09"
298788,"WebKit","Layout and Rendering","webkit-unassigned","NEW",,"2025-09-12 12:24:05","2025-10-01 16:53:05"
298792,"WebKit","DOM","webkit-unassigned","NEW",,"2025-09-12 13:09:09","2025-09-19 13:10:15"
298829,"WebKit","New Bugs","webkit-unassigned","NEW",,"2025-09-13 19:05:08","2025-09-20 19:06:15"
298839,"WebKit","Page Loading","webkit-unassigned","NEW",,"2025-09-14 13:51:49","2025-09-22 09:45:12"
298866,"WebKit","WebCore JavaScript","webkit-unassigned","NEW",,"2025-09-15 07:39:35","2025-09-22 07:40:22"
298890,"WebKit","New Bugs","webkit-unassigned","NEW",,"2025-09-15 12:34:44","2025-09-22 12:35:27"
298909,"WebKit","Web Inspector","webkit-unassigned","NEW",,"2025-09-15 17:18:11","2025-09-22 17:19:12"
298910,"WebKit","Web Inspector","webkit-unassigned","NEW",,"2025-09-15 17:21:39","2025-09-22 17:22:23"
298917,"WebKit","Media","webkit-unassigned","NEW",,"2025-09-15 20:14:08","2025-09-16 15:29:32"
298925,"WebKit","WebKitGTK","webkit-unassigned","NEW",,"2025-09-15 23:15:37","2025-09-16 23:19:15"
298931,"WebKit","New Bugs","webkit-unassigned","NEW",,"2025-09-16 01:46:08","2025-09-23 01:47:50"
298934,"WebKit","New Bugs","webkit-unassigned","NEW",,"2025-09-16 03:56:39","2025-09-16 15:23:04"
298946,"WebKit","Text","webkit-unassigned","NEW",,"2025-09-16 05:24:59","2025-10-02 13:16:26"
298948,"WebKit","New Bugs","webkit-unassigned","NEW",,"2025-09-16 05:36:37","2025-09-23 05:38:37"
298962,"WebKit","New Bugs","webkit-unassigned","NEW",,"2025-09-16 09:39:37","2025-09-16 10:20:00"
298973,"WebKit","Media","webkit-unassigned","NEW",,"2025-09-16 13:41:29","2025-09-17 09:32:22"
298974,"WebKit","HTML Editing","webkit-unassigned","NEW",,"2025-09-16 13:43:21","2025-09-16 14:02:29"
298977,"WebKit","Web Inspector","webkit-unassigned","NEW",,"2025-09-16 14:13:01","2025-09-16 14:13:12"
298979,"WebKit","Web Inspector","webkit-unassigned","NEW",,"2025-09-16 14:56:39","2025-09-23 14:57:32"
298980,"WebKit","Web Inspector","webkit-unassigned","NEW",,"2025-09-16 15:02:41","2025-09-23 15:03:42"
298981,"WebKit","Web Inspector","webkit-unassigned","NEW",,"2025-09-16 15:06:42","2025-09-23 15:07:16"
298983,"WebKit","Tools / Tests","webkit-unassigned","NEW",,"2025-09-16 15:11:38","2025-09-18 16:42:54"
298984,"WebKit","Web Inspector","webkit-unassigned","NEW",,"2025-09-16 15:25:01","2025-09-23 15:25:20"
298988,"WebKit","Scrolling","webkit-unassigned","NEW",,"2025-09-16 16:00:27","2025-09-23 16:01:19"
298992,"WebKit","Scrolling","webkit-unassigned","NEW",,"2025-09-16 18:21:40","2025-09-17 12:59:57"
299009,"WebKit","Layout and Rendering","webkit-unassigned","NEW",,"2025-09-17 03:14:42","2025-09-17 10:58:19"
299030,"WebKit","New Bugs","webkit-unassigned","NEW",,"2025-09-17 11:42:16","2025-09-17 11:42:48"
299033,"WebKit","Layout and Rendering","webkit-unassigned","NEW",,"2025-09-17 12:24:47","2025-09-17 13:22:37"
299036,"WebKit","New Bugs","webkit-unassigned","NEW",,"2025-09-17 12:52:01","2025-09-24 12:52:16"
299052,"WebKit","Web Inspector","webkit-unassigned","NEW",,"2025-09-17 15:57:18","2025-09-17 15:58:06"
299057,"WebKit","Web Inspector","webkit-unassigned","NEW",,"2025-09-17 16:27:29","2025-09-17 16:28:28"
299071,"WebKit","New Bugs","webkit-unassigned","NEW",,"2025-09-17 23:36:32","2025-09-18 13:16:18"
299079,"WebKit","WebKit Extensions","webkit-unassigned","NEW",,"2025-09-18 03:30:51","2025-09-18 04:20:04"
299080,"WebKit","WebKitGTK","webkit-unassigned","NEW",,"2025-09-18 04:01:01","2025-09-18 04:01:01"
299084,"WebKit","Layout and Rendering","webkit-unassigned","NEW",,"2025-09-18 05:32:05","2025-09-22 22:42:26"
299087,"WebKit","Forms","webkit-unassigned","NEW",,"2025-09-18 06:47:11","2025-09-25 06:49:09"
299092,"WebKit","New Bugs","webkit-unassigned","NEW",,"2025-09-18 07:42:54","2025-09-18 07:43:11"
299104,"WebKit","New Bugs","webkit-unassigned","NEW",,"2025-09-18 10:40:31","2025-09-18 10:53:12"
299111,"WebKit","New Bugs","webkit-unassigned","NEW",,"2025-09-18 11:38:47","2025-09-18 11:51:24"
299131,"WebKit","New Bugs","webkit-unassigned","NEW",,"2025-09-18 15:26:50","2025-09-19 19:12:33"
299132,"WebKit","New Bugs","webkit-unassigned","NEW",,"2025-09-18 15:33:24","2025-09-25 15:34:14"
299133,"WebKit","Tools / Tests","webkit-unassigned","NEW",,"2025-09-18 15:42:21","2025-09-18 15:42:27"
299134,"WebKit","Accessibility","webkit-unassigned","NEW",,"2025-09-18 15:47:29","2025-09-18 15:47:36"
299136,"WebKit","Tools / Tests","webkit-unassigned","NEW",,"2025-09-18 16:05:15","2025-09-18 16:05:22"
299137,"WebKit","New Bugs","webkit-unassigned","NEW",,"2025-09-18 16:05:18","2025-09-24 15:00:53"
299155,"WebKit","Animations","webkit-unassigned","NEW",,"2025-09-18 23:00:40","2025-09-18 23:01:28"
299162,"WebKit","Layout and Rendering","webkit-unassigned","NEW",,"2025-09-19 00:24:37","2025-09-30 00:18:26"
299166,"WebKit","New Bugs","webkit-unassigned","NEW",,"2025-09-19 02:33:43","2025-09-26 02:34:19"
299179,"WebKit","Media","webkit-unassigned","NEW",,"2025-09-19 08:18:31","2025-09-30 14:09:58"
299180,"WebKit","Media","webkit-unassigned","NEW",,"2025-09-19 08:33:52","2025-09-26 08:35:44"
299201,"WebKit","New Bugs","webkit-unassigned","NEW",,"2025-09-19 12:12:37","2025-09-19 12:19:49"
299202,"WebKit","New Bugs","webkit-unassigned","NEW",,"2025-09-19 12:49:01","2025-09-19 12:59:55"
299203,"WebKit","Media","webkit-unassigned","NEW",,"2025-09-19 12:55:38","2025-09-19 13:00:12"
299206,"WebKit","New Bugs","webkit-unassigned","NEW",,"2025-09-19 13:24:38","2025-09-26 13:25:28"
299207,"WebKit","Web Inspector","webkit-unassigned","NEW",,"2025-09-19 13:45:20","2025-09-19 13:45:35"
299208,"WebKit","WebKitGTK","webkit-unassigned","NEW",,"2025-09-19 13:55:00","2025-10-06 15:05:55"
299249,"WebKit","WebKit Misc.","webkit-unassigned","NEW",,"2025-09-20 20:30:42","2025-09-21 12:21:31"
299269,"WebKit","JavaScriptCore","webkit-unassigned","NEW",,"2025-09-21 22:58:24","2025-09-28 22:59:21"
299292,"WebKit","JavaScriptCore","webkit-unassigned","NEW",,"2025-09-22 08:26:56","2025-09-29 08:27:48"
299296,"WebKit","JavaScriptCore","webkit-unassigned","NEW",,"2025-09-22 09:31:24","2025-09-29 09:32:42"
299299,"WebKit","DOM","webkit-unassigned","NEW",,"2025-09-22 09:47:31","2025-09-29 09:48:13"
299306,"WebKit","Layout and Rendering","webkit-unassigned","NEW",,"2025-09-22 11:00:57","2025-09-29 11:22:30"
299311,"WebKit","New Bugs","webkit-unassigned","NEW",,"2025-09-22 13:23:22","2025-09-22 14:14:53"
299312,"WebKit","WebKit Misc.","webkit-unassigned","NEW",,"2025-09-22 13:36:16","2025-09-22 13:40:10"
299321,"WebKit","Accessibility","webkit-unassigned","NEW",,"2025-09-22 14:29:07","2025-09-22 14:49:31"
299335,"WebKit","New Bugs","webkit-unassigned","NEW",,"2025-09-22 17:08:58","2025-09-22 17:08:58"
299353,"WebKit","Forms","webkit-unassigned","NEW",,"2025-09-22 21:41:06","2025-09-29 21:42:51"
299357,"WebKit","WebKitGTK","webkit-unassigned","NEW",,"2025-09-22 23:01:18","2025-09-23 02:29:52"
299359,"WebKit","Layout and Rendering","webkit-unassigned","NEW",,"2025-09-23 00:08:26","2025-09-30 11:19:20"
299363,"WebKit","WebGPU","webkit-unassigned","NEW",,"2025-09-23 03:07:08","2025-09-23 11:01:29"
299366,"WebKit","WebXR","webkit-unassigned","NEW",,"2025-09-23 04:11:11","2025-09-23 04:11:11"
299375,"WebKit","DOM","webkit-unassigned","NEW",,"2025-09-23 09:14:47","2025-09-30 09:15:42"
299386,"WebKit","Web Audio","webkit-unassigned","NEW",,"2025-09-23 11:47:54","2025-09-30 11:48:39"
299389,"WebKit","UI Events","webkit-unassigned","NEW",,"2025-09-23 13:07:07","2025-09-24 16:20:15"
299403,"WebKit","New Bugs","webkit-unassigned","NEW",,"2025-09-23 16:10:47","2025-09-25 12:07:04"
299410,"WebKit","Layout and Rendering","webkit-unassigned","NEW",,"2025-09-23 18:59:00","2025-09-30 23:20:26"
299415,"WebKit","Web Inspector","webkit-unassigned","NEW",,"2025-09-23 20:17:38","2025-09-24 16:17:18"
299424,"WebKit","WebKit Misc.","webkit-unassigned","NEW",,"2025-09-24 00:35:34","2025-09-24 00:38:50"
299427,"WebKit","WebKit Misc.","webkit-unassigned","NEW",,"2025-09-24 01:42:18","2025-09-24 01:51:41"
299429,"WebKit","WPE WebKit","webkit-unassigned","NEW",,"2025-09-24 01:46:22","2025-09-24 01:46:22"
299438,"WebKit","New Bugs","webkit-unassigned","NEW",,"2025-09-24 06:05:44","2025-09-24 06:05:59"
299439,"WebKit","New Bugs","webkit-unassigned","NEW",,"2025-09-24 06:36:40","2025-10-01 06:38:07"
299441,"WebKit","JavaScriptCore","webkit-unassigned","NEW",,"2025-09-24 07:05:41","2025-10-01 07:06:16"
299446,"WebKit","Web Inspector","webkit-unassigned","NEW",,"2025-09-24 09:17:42","2025-10-01 09:18:14"
299460,"WebKit","WebKit Extensions","webkit-unassigned","NEW",,"2025-09-24 11:47:41","2025-09-24 11:50:25"
299461,"WebKit","WebKit Extensions","webkit-unassigned","NEW",,"2025-09-24 11:50:14","2025-09-24 11:50:27"
299462,"WebKit","WebGPU","webkit-unassigned","NEW",,"2025-09-24 11:53:15","2025-09-24 11:54:39"
299463,"WebKit","WebKit Extensions","webkit-unassigned","NEW",,"2025-09-24 12:08:11","2025-09-24 12:10:22"
299466,"WebKit","WebGPU","webkit-unassigned","NEW",,"2025-09-24 12:36:26","2025-09-24 12:40:04"
299471,"WebKit","WebKit Misc.","webkit-unassigned","NEW",,"2025-09-24 12:53:39","2025-09-24 12:53:58"
299473,"WebKit","WebKit Misc.","webkit-unassigned","NEW",,"2025-09-24 12:57:08","2025-09-24 12:57:20"
299474,"WebKit","WebKit Misc.","webkit-unassigned","NEW",,"2025-09-24 12:59:22","2025-09-24 13:01:16"
299475,"WebKit","WebKit Misc.","webkit-unassigned","NEW",,"2025-09-24 13:00:53","2025-09-24 13:01:30"
299476,"WebKit","WebKit Misc.","webkit-unassigned","NEW",,"2025-09-24 13:02:04","2025-09-24 13:02:17"
299477,"WebKit","WebKit Misc.","webkit-unassigned","NEW",,"2025-09-24 13:02:38","2025-09-24 13:03:13"
299478,"WebKit","WebKit Misc.","webkit-unassigned","NEW",,"2025-09-24 13:03:56","2025-09-24 13:04:09"
299479,"WebKit","WebKit Misc.","webkit-unassigned","NEW",,"2025-09-24 13:04:19","2025-09-24 13:04:34"
299480,"WebKit","New Bugs","webkit-unassigned","NEW",,"2025-09-24 13:05:16","2025-09-24 13:05:30"
299481,"WebKit","New Bugs","webkit-unassigned","NEW",,"2025-09-24 13:05:38","2025-09-24 13:05:49"
299482,"WebKit","WebKitGTK","webkit-unassigned","NEW",,"2025-09-24 13:21:49","2025-09-24 13:23:40"
299485,"WebKit","Web Audio","webkit-unassigned","NEW",,"2025-09-24 13:57:12","2025-10-01 13:58:45"
299495,"WebKit","Scrolling","webkit-unassigned","NEW",,"2025-09-24 16:34:46","2025-09-26 15:57:08"
299496,"WebKit","New Bugs","webkit-unassigned","NEW",,"2025-09-24 16:44:11","2025-09-24 16:45:30"
299498,"WebKit","ANGLE","webkit-unassigned","NEW",,"2025-09-24 17:46:20","2025-09-24 17:46:33"
299501,"WebKit","New Bugs","webkit-unassigned","NEW",,"2025-09-24 18:57:25","2025-09-24 18:57:25"
299508,"WebKit","Accessibility","webkit-unassigned","NEW",,"2025-09-24 23:20:32","2025-10-03 12:52:03"
299516,"WebKit","Tools / Tests","webkit-unassigned","NEW",,"2025-09-25 02:45:28","2025-10-02 02:46:22"
299517,"WebKit","New Bugs","webkit-unassigned","NEW",,"2025-09-25 03:12:05","2025-10-06 17:02:29"
299526,"WebKit","New Bugs","webkit-unassigned","NEW",,"2025-09-25 07:18:42","2025-09-25 07:30:10"
299529,"WebKit","Media","webkit-unassigned","NEW",,"2025-09-25 08:02:34","2025-09-26 02:42:39"
299531,"WebKit","Website Storage","webkit-unassigned","NEW",,"2025-09-25 08:38:46","2025-10-06 09:58:34"
299538,"WebKit","New Bugs","webkit-unassigned","NEW",,"2025-09-25 11:47:00","2025-09-26 10:35:06"
299539,"WebKit","WebKitGTK","webkit-unassigned","NEW",,"2025-09-25 11:49:20","2025-10-02 11:50:05"
299541,"WebKit","WebCore Misc.","webkit-unassigned","NEW",,"2025-09-25 12:23:35","2025-10-02 12:25:30"
299558,"WebKit","DOM","webkit-unassigned","NEW",,"2025-09-25 14:56:06","2025-09-25 14:56:47"
299563,"WebKit","Media","webkit-unassigned","NEW",,"2025-09-25 15:23:15","2025-09-25 15:24:48"
299591,"WebKit","Media","webkit-unassigned","NEW",,"2025-09-26 01:32:19","2025-10-06 12:08:24"
299603,"WebKit","DOM","webkit-unassigned","NEW",,"2025-09-26 06:52:27","2025-10-03 06:53:22"
299633,"WebKit","New Bugs","webkit-unassigned","NEW",,"2025-09-26 13:43:46","2025-10-03 13:46:16"
299636,"WebKit","New Bugs","webkit-unassigned","NEW",,"2025-09-26 14:45:03","2025-09-26 15:04:44"
299645,"WebKit","Layout and Rendering","webkit-unassigned","NEW",,"2025-09-26 17:25:11","2025-10-03 17:26:24"
299669,"WebKit","DOM","webkit-unassigned","NEW",,"2025-09-27 13:17:48","2025-10-04 13:18:10"
299683,"WebKit","Media","webkit-unassigned","NEW",,"2025-09-27 19:07:35","2025-10-04 19:08:20"
299685,"WebKit","WebKit Misc.","webkit-unassigned","NEW",,"2025-09-27 20:42:11","2025-09-27 20:49:27"
299690,"WebKit","Media","webkit-unassigned","NEW",,"2025-09-28 00:31:43","2025-10-05 00:32:17"
299694,"WebKit","WebKitGTK","webkit-unassigned","NEW",,"2025-09-28 02:28:27","2025-09-29 19:56:30"
299699,"WebKit","Media","webkit-unassigned","NEW",,"2025-09-28 08:20:42","2025-10-05 08:21:15"
299712,"WebKit","Accessibility","webkit-unassigned","NEW",,"2025-09-28 19:38:25","2025-09-29 11:57:05"
299726,"WebKit","New Bugs","webkit-unassigned","NEW",,"2025-09-29 04:55:20","2025-09-29 04:55:38"
299728,"WebKit","Layout and Rendering","webkit-unassigned","NEW",,"2025-09-29 05:01:27","2025-09-29 08:09:31"
299730,"WebKit","New Bugs","webkit-unassigned","NEW",,"2025-09-29 05:34:45","2025-09-30 04:47:39"
299731,"WebKit","WebAssembly","webkit-unassigned","NEW",,"2025-09-29 06:12:13","2025-10-06 06:13:11"
299735,"WebKit","Layout and Rendering","webkit-unassigned","NEW",,"2025-09-29 06:57:51","2025-10-06 06:58:40"
299742,"WebKit","CSS","webkit-unassigned","NEW",,"2025-09-29 07:24:13","2025-09-29 08:08:47"
299803,"WebKit","New Bugs","webkit-unassigned","NEW",,"2025-09-29 10:13:37","2025-10-06 10:15:23"
299804,"WebKit","Animations","webkit-unassigned","NEW",,"2025-09-29 10:14:42","2025-09-29 10:15:48"
299805,"WebKit","Animations","webkit-unassigned","NEW",,"2025-09-29 10:14:59","2025-09-29 10:15:46"
299807,"WebKit","Animations","webkit-unassigned","NEW",,"2025-09-29 10:18:21","2025-09-29 10:21:05"
299808,"WebKit","Animations","webkit-unassigned","NEW",,"2025-09-29 10:18:55","2025-09-29 10:20:28"
299809,"WebKit","Animations","webkit-unassigned","NEW",,"2025-09-29 10:23:17","2025-09-29 11:42:55"
299810,"WebKit","WebKit Extensions","webkit-unassigned","NEW",,"2025-09-29 10:25:59","2025-09-29 10:26:54"
299816,"WebKit","CSS","webkit-unassigned","NEW",,"2025-09-29 12:40:52","2025-09-29 12:40:59"
299823,"WebKit","Animations","webkit-unassigned","NEW",,"2025-09-29 14:10:33","2025-10-06 23:42:12"
299826,"WebKit","New Bugs","webkit-unassigned","NEW",,"2025-09-29 14:44:07","2025-09-30 16:18:12"
299830,"WebKit","DOM","webkit-unassigned","NEW",,"2025-09-29 16:11:19","2025-10-01 14:15:23"
299841,"WebKit","WebKitGTK","webkit-unassigned","NEW",,"2025-09-29 19:19:11","2025-09-29 19:23:15"
299849,"WebKit","Layout and Rendering","webkit-unassigned","NEW",,"2025-09-29 20:53:58","2025-09-29 21:43:00"
299853,"WebKit","Media","webkit-unassigned","NEW",,"2025-09-29 21:44:48","2025-09-30 15:35:49"
299854,"WebKit","Layout and Rendering","webkit-unassigned","NEW",,"2025-09-29 21:48:14","2025-10-06 21:49:15"
299855,"WebKit","New Bugs","webkit-unassigned","NEW",,"2025-09-29 22:21:16","2025-09-29 22:21:16"
299856,"WebKit","WebKitGTK","webkit-unassigned","NEW",,"2025-09-29 22:22:04","2025-09-29 22:22:04"
299857,"WebKit","Layout and Rendering","webkit-unassigned","NEW",,"2025-09-29 22:48:13","2025-10-06 22:49:04"
299862,"WebKit","New Bugs","webkit-unassigned","NEW",,"2025-09-29 23:51:55","2025-09-29 23:53:17"
299866,"WebKit","CSS","webkit-unassigned","NEW",,"2025-09-30 01:38:45","2025-10-07 01:39:16"
299867,"WebKit","CSS","webkit-unassigned","NEW",,"2025-09-30 01:44:12","2025-10-07 01:45:21"
299868,"WebKit","CSS","webkit-unassigned","NEW",,"2025-09-30 01:59:26","2025-09-30 08:23:28"
299875,"WebKit","WebKitGTK","webkit-unassigned","NEW",,"2025-09-30 09:26:42","2025-09-30 15:28:12"
299882,"WebKit","WebKitGTK","webkit-unassigned","NEW",,"2025-09-30 10:53:28","2025-09-30 10:55:54"
299883,"WebKit","Page Loading","webkit-unassigned","NEW",,"2025-09-30 11:01:11","2025-10-03 14:24:20"
299895,"WebKit","Media","webkit-unassigned","NEW",,"2025-09-30 12:09:47","2025-09-30 12:28:31"
299901,"WebKit","Tools / Tests","webkit-unassigned","NEW",,"2025-09-30 14:17:37","2025-09-30 15:59:25"
299904,"WebKit","Tools / Tests","webkit-unassigned","NEW",,"2025-09-30 15:10:34","2025-09-30 15:58:13"
299907,"WebKit","DOM","webkit-unassigned","NEW",,"2025-09-30 16:09:06","2025-09-30 16:09:21"
299910,"WebKit","CSS","webkit-unassigned","NEW",,"2025-09-30 16:30:36","2025-09-30 16:33:49"
299914,"WebKit","CSS","webkit-unassigned","NEW",,"2025-09-30 16:52:33","2025-09-30 16:54:12"
299919,"WebKit","DOM","webkit-unassigned","NEW",,"2025-09-30 17:22:39","2025-09-30 17:53:15"
299921,"WebKit","CSS","webkit-unassigned","NEW",,"2025-09-30 17:57:06","2025-09-30 17:57:21"
299922,"WebKit","CSS","webkit-unassigned","NEW",,"2025-09-30 18:07:11","2025-09-30 18:07:11"
299923,"WebKit","CSS","webkit-unassigned","NEW",,"2025-09-30 19:11:52","2025-09-30 19:11:52"
299924,"WebKit","SVG","webkit-unassigned","NEW",,"2025-09-30 19:23:37","2025-09-30 19:31:44"
299926,"WebKit","CSS","webkit-unassigned","NEW",,"2025-09-30 19:55:37","2025-09-30 19:55:37"
299927,"WebKit","CSS","webkit-unassigned","NEW",,"2025-09-30 20:02:00","2025-09-30 20:02:00"
299929,"WebKit","CSS","webkit-unassigned","NEW",,"2025-09-30 20:10:00","2025-09-30 20:10:00"
299932,"WebKit","CSS","webkit-unassigned","NEW",,"2025-09-30 21:47:18","2025-09-30 23:05:23"
299937,"WebKit","JavaScriptCore","webkit-unassigned","NEW",,"2025-09-30 23:57:18","2025-09-30 23:57:18"
299948,"WebKit","WebRTC","webkit-unassigned","NEW",,"2025-10-01 04:33:16","2025-10-01 09:27:10"
299951,"WebKit","Layout and Rendering","webkit-unassigned","NEW",,"2025-10-01 06:04:38","2025-10-01 23:42:44"
299952,"WebKit","Animations","webkit-unassigned","NEW",,"2025-10-01 06:23:01","2025-10-01 08:26:38"
299962,"WebKit","WebGPU","webkit-unassigned","NEW",,"2025-10-01 09:55:17","2025-10-01 09:57:27"
299963,"WebKit","New Bugs","webkit-unassigned","NEW",,"2025-10-01 10:02:41","2025-10-01 10:02:41"
299966,"WebKit","Tools / Tests","webkit-unassigned","NEW",,"2025-10-01 10:48:00","2025-10-01 10:54:08"
299971,"WebKit","DOM","webkit-unassigned","NEW",,"2025-10-01 11:27:48","2025-10-06 09:45:32"
299973,"WebKit","New Bugs","webkit-unassigned","NEW",,"2025-10-01 11:51:44","2025-10-01 11:52:21"
299975,"WebKit","Tools / Tests","webkit-unassigned","NEW",,"2025-10-01 12:10:58","2025-10-01 12:15:57"
299981,"WebKit","Layout and Rendering","webkit-unassigned","NEW",,"2025-10-01 12:59:42","2025-10-04 02:35:08"
299984,"WebKit","New Bugs","webkit-unassigned","NEW",,"2025-10-01 15:05:24","2025-10-02 02:26:55"
299986,"WebKit","Media","webkit-unassigned","NEW",,"2025-10-01 15:21:22","2025-10-01 15:27:00"
299989,"WebKit","Accessibility","webkit-unassigned","NEW",,"2025-10-01 16:27:26","2025-10-02 10:25:40"
299994,"WebKit","Accessibility","webkit-unassigned","NEW",,"2025-10-01 17:24:34","2025-10-01 17:24:45"
299998,"WebKit","Layout and Rendering","webkit-unassigned","NEW",,"2025-10-01 17:28:20","2025-10-01 18:49:15"
299999,"WebKit","CSS","webkit-unassigned","NEW",,"2025-10-01 17:43:25","2025-10-01 17:43:25"
300000,"WebKit","New Bugs","webkit-unassigned","NEW",,"2025-10-01 17:43:34","2025-10-01 17:43:34"
300005,"WebKit","New Bugs","webkit-unassigned","NEW",,"2025-10-01 21:16:39","2025-10-01 21:21:39"
300006,"WebKit","New Bugs","webkit-unassigned","NEW",,"2025-10-01 21:22:36","2025-10-01 21:22:47"
300010,"WebKit","WebKit Misc.","webkit-unassigned","NEW",,"2025-10-01 23:29:52","2025-10-01 23:31:52"
300014,"WebKit","WebKitGTK","webkit-unassigned","NEW",,"2025-10-02 01:34:13","2025-10-02 06:10:22"
300024,"WebKit","CSS","webkit-unassigned","NEW",,"2025-10-02 07:14:05","2025-10-02 07:14:24"
300025,"WebKit","Forms","webkit-unassigned","NEW",,"2025-10-02 07:17:13","2025-10-02 09:50:18"
300028,"WebKit","WebGPU","webkit-unassigned","NEW",,"2025-10-02 08:34:33","2025-10-02 08:34:54"
300030,"WebKit","Scrolling","webkit-unassigned","NEW",,"2025-10-02 09:42:38","2025-10-03 08:55:03"
300037,"WebKit","New Bugs","webkit-unassigned","NEW",,"2025-10-02 11:57:49","2025-10-02 11:59:35"
300038,"WebKit","Forms","webkit-unassigned","NEW",,"2025-10-02 12:05:34","2025-10-03 14:31:05"
300048,"WebKit","Layout and Rendering","webkit-unassigned","NEW",,"2025-10-02 14:00:13","2025-10-02 14:00:35"
300050,"WebKit","New Bugs","webkit-unassigned","NEW",,"2025-10-02 14:35:31","2025-10-02 17:11:28"
300053,"WebKit","WebGPU","webkit-unassigned","NEW",,"2025-10-02 15:03:37","2025-10-02 15:04:12"
300056,"WebKit","Scrolling","webkit-unassigned","NEW",,"2025-10-02 16:28:36","2025-10-02 16:30:21"
300071,"WebKit","WebKit API","webkit-unassigned","NEW",,"2025-10-02 19:27:40","2025-10-03 08:53:39"
300086,"WebKit","Scrolling","webkit-unassigned","NEW",,"2025-10-03 02:33:58","2025-10-03 17:25:25"
300089,"WebKit","Layout and Rendering","webkit-unassigned","NEW",,"2025-10-03 03:12:09","2025-10-03 08:33:47"
300090,"WebKit","Accessibility","webkit-unassigned","NEW",,"2025-10-03 03:19:59","2025-10-03 03:20:44"
300097,"WebKit","New Bugs","webkit-unassigned","NEW",,"2025-10-03 05:11:03","2025-10-03 05:11:03"
300104,"WebKit","Layout and Rendering","webkit-unassigned","NEW",,"2025-10-03 07:27:51","2025-10-06 01:29:00"
300115,"WebKit","Media","webkit-unassigned","NEW",,"2025-10-03 09:59:40","2025-10-03 10:57:20"
300116,"WebKit","Tools / Tests","webkit-unassigned","NEW",,"2025-10-03 10:04:14","2025-10-03 10:06:52"
300120,"WebKit","Animations","webkit-unassigned","NEW",,"2025-10-03 10:19:42","2025-10-03 10:58:50"
300123,"WebKit","WebKit Misc.","webkit-unassigned","NEW",,"2025-10-03 10:56:11","2025-10-06 00:22:35"
300125,"WebKit","Web Inspector","webkit-unassigned","NEW",,"2025-10-03 12:03:37","2025-10-03 12:03:37"
300126,"WebKit","Layout and Rendering","webkit-unassigned","NEW",,"2025-10-03 12:06:22","2025-10-03 12:11:39"
300127,"WebKit","New Bugs","webkit-unassigned","NEW",,"2025-10-03 12:17:24","2025-10-03 12:23:42"
300128,"WebKit","New Bugs","webkit-unassigned","NEW",,"2025-10-03 12:23:30","2025-10-03 12:49:19"
300131,"WebKit","Accessibility","webkit-unassigned","NEW",,"2025-10-03 12:57:48","2025-10-03 12:58:30"
300137,"WebKit","New Bugs","webkit-unassigned","NEW",,"2025-10-03 15:04:54","2025-10-03 15:16:02"
300140,"WebKit","Tools / Tests","webkit-unassigned","NEW",,"2025-10-03 15:13:07","2025-10-03 15:18:33"
300144,"WebKit","Tools / Tests","webkit-unassigned","NEW",,"2025-10-03 15:28:08","2025-10-03 15:31:37"
300146,"WebKit","Tools / Tests","webkit-unassigned","NEW",,"2025-10-03 15:34:15","2025-10-03 16:13:53"
300149,"WebKit","New Bugs","webkit-unassigned","NEW",,"2025-10-03 15:39:23","2025-10-03 15:41:52"
300150,"WebKit","New Bugs","webkit-unassigned","NEW",,"2025-10-03 15:40:50","2025-10-03 15:41:41"
300168,"WebKit","WebKit2","webkit-unassigned","NEW",,"2025-10-04 06:31:17","2025-10-05 15:58:21"
300170,"WebKit","JavaScriptCore","webkit-unassigned","NEW",,"2025-10-04 07:33:54","2025-10-04 07:36:10"
300185,"WebKit","New Bugs","webkit-unassigned","NEW",,"2025-10-04 19:24:38","2025-10-05 22:13:16"
300195,"WebKit","JavaScriptCore","webkit-unassigned","NEW",,"2025-10-05 05:05:25","2025-10-05 05:31:44"
300196,"WebKit","JavaScriptCore","webkit-unassigned","NEW",,"2025-10-05 07:34:12","2025-10-05 07:35:52"
300199,"WebKit","CSS","webkit-unassigned","NEW",,"2025-10-05 12:03:34","2025-10-05 14:45:40"
300204,"WebKit","WebGPU","webkit-unassigned","NEW",,"2025-10-05 17:33:44","2025-10-05 21:21:57"
300208,"WebKit","Tools / Tests","webkit-unassigned","NEW",,"2025-10-05 19:47:07","2025-10-05 20:04:54"
300209,"WebKit","WebKit Website","webkit-unassigned","NEW",,"2025-10-05 19:47:11","2025-10-05 19:47:11"
300210,"WebKit","Tools / Tests","webkit-unassigned","NEW",,"2025-10-05 20:59:24","2025-10-05 21:03:17"
300215,"WebKit","New Bugs","webkit-unassigned","NEW",,"2025-10-05 22:14:40","2025-10-06 23:03:25"
300217,"WebKit","CMake","webkit-unassigned","NEW",,"2025-10-05 23:40:32","2025-10-07 01:47:07"
300224,"WebKit","Accessibility","webkit-unassigned","NEW",,"2025-10-06 02:08:45","2025-10-06 02:15:34"
300227,"WebKit","DOM","webkit-unassigned","NEW",,"2025-10-06 02:39:33","2025-10-06 02:50:34"
300232,"WebKit","DOM","webkit-unassigned","NEW",,"2025-10-06 05:53:17","2025-10-06 16:25:24"
300236,"WebKit","WebKit Extensions","webkit-unassigned","NEW",,"2025-10-06 06:57:13","2025-10-06 07:27:20"
300238,"WebKit","JavaScriptCore","webkit-unassigned","NEW",,"2025-10-06 07:32:41","2025-10-06 07:34:03"
300239,"WebKit","CSS","webkit-unassigned","NEW",,"2025-10-06 07:51:46","2025-10-06 07:51:46"
300251,"WebKit","New Bugs","webkit-unassigned","NEW",,"2025-10-06 11:20:57","2025-10-06 11:20:57"
300259,"WebKit","WebKitGTK","webkit-unassigned","NEW",,"2025-10-06 14:03:46","2025-10-06 14:07:53"
300261,"WebKit","Web Inspector","webkit-unassigned","NEW",,"2025-10-06 14:18:47","2025-10-06 14:18:53"
300262,"WebKit","Web Inspector","webkit-unassigned","NEW",,"2025-10-06 14:20:09","2025-10-06 14:20:14"
300263,"WebKit","Web Inspector","webkit-unassigned","NEW",,"2025-10-06 14:21:52","2025-10-06 14:22:06"
300264,"WebKit","Media","webkit-unassigned","NEW",,"2025-10-06 14:27:54","2025-10-06 14:27:54"
300266,"WebKit","Layout and Rendering","webkit-unassigned","NEW",,"2025-10-06 14:46:53","2025-10-06 16:18:41"
300269,"WebKit","Media","webkit-unassigned","NEW",,"2025-10-06 15:52:01","2025-10-06 23:40:04"
300271,"WebKit","WebDriver","webkit-unassigned","NEW",,"2025-10-06 16:21:03","2025-10-06 16:21:03"
300273,"WebKit","Tools / Tests","webkit-unassigned","NEW",,"2025-10-06 16:59:59","2025-10-06 17:05:40"
300275,"WebKit","WebKit Misc.","webkit-unassigned","NEW",,"2025-10-06 17:49:42","2025-10-06 17:58:04"
300278,"WebKit","Text","webkit-unassigned","NEW",,"2025-10-06 19:01:58","2025-10-06 19:10:11"
300284,"WebKit","WebKit Misc.","webkit-unassigned","NEW",,"2025-10-06 19:38:40","2025-10-06 19:41:51"
300287,"WebKit","Layout and Rendering","webkit-unassigned","NEW",,"2025-10-06 20:13:25","2025-10-06 20:18:42"
300290,"WebKit","WebKit Misc.","webkit-unassigned","NEW",,"2025-10-06 21:48:17","2025-10-06 21:49:03"
300291,"WebKit","JavaScriptCore","webkit-unassigned","NEW",,"2025-10-06 21:50:33","2025-10-06 21:52:03"
300295,"WebKit","New Bugs","webkit-unassigned","NEW",,"2025-10-06 23:20:50","2025-10-06 23:24:52"
300297,"WebKit","New Bugs","webkit-unassigned","NEW",,"2025-10-06 23:29:40","2025-10-06 23:35:14"
300298,"WebKit","New Bugs","webkit-unassigned","NEW",,"2025-10-06 23:52:57","2025-10-06 23:52:57"
300299,"WebKit","New Bugs","yoav","NEW",,"2025-10-06 23:53:33","2025-10-07 02:08:09"
291641,"WebKit","WebRTC","youennf","NEW",,"2025-04-16 11:18:18","2025-10-06 06:39:05"
300274,"WebKit","JavaScriptCore","ysuzuki","NEW",,"2025-10-06 17:33:01","2025-10-06 17:35:45"
300286,"WebKit","JavaScriptCore","ysuzuki","NEW",,"2025-10-06 20:00:03","2025-10-06 20:03:54"
300045,"WebKit","Layout and Rendering","yulun_wu","NEW",,"2025-10-02 13:55:12","2025-10-02 13:55:12"
300047,"WebKit","Layout and Rendering","yulun_wu","NEW",,"2025-10-02 13:56:21","2025-10-02 13:56:21"
215087,"WebKit","Layout and Rendering","zalan","NEW",,"2020-08-03 09:38:25","2025-09-30 13:33:25"
299811,"WebKit","New Bugs","zalan","NEW",,"2025-09-29 11:00:36","2025-10-06 17:03:19"
300103,"WebKit","New Bugs","zalan","NEW",,"2025-10-03 07:09:46","2025-10-03 09:18:52"
300233,"WebKit","New Bugs","zalan","NEW",,"2025-10-06 06:38:31","2025-10-06 10:08:00"
300243,"WebKit","New Bugs","zalan","NEW",,"2025-10-06 09:57:59","2025-10-06 12:56:00"
300245,"WebKit","New Bugs","zalan","NEW",,"2025-10-06 10:16:44","2025-10-06 10:17:55"
300283,"WebKit","New Bugs","zalan","NEW",,"2025-10-06 19:26:53","2025-10-06 20:46:17"
300022,"WebKit","WPE WebKit","zimmermann","NEW",,"2025-10-02 05:52:05","2025-10-06 14:12:37"
298951,"WebKit","DOM","webkit-unassigned","NEW",,"2025-09-16 07:30:58","2025-09-23 07:31:20"
299507,"WebKit","Text","webkit-unassigned","NEW",,"2025-09-24 22:32:11","2025-10-01 22:33:18"
299955,"WebKit","WebRTC","webkit-unassigned","NEW",,"2025-10-01 08:00:07","2025-10-01 08:15:54"
271472,"WebKit","WebKit Extensions","kiara_rose","NEW",,"2024-03-22 09:57:38","2025-10-03 08:53:39"
294253,"WebKit","Accessibility","webkit-unassigned","NEW",,"2025-06-10 06:39:08","2025-09-18 11:26:09"
299540,"WebKit","New Bugs","webkit-unassigned","NEW",,"2025-09-25 11:57:28","2025-09-25 12:22:43"
299010,"WebKit","New Bugs","aakash_jain","ASSIGNED",,"2025-09-17 04:39:20","2025-09-24 04:40:10"
300163,"WebKit","WebKitGTK","aperez","ASSIGNED",,"2025-10-04 00:48:32","2025-10-04 15:00:43"
298853,"WebKit","Media","cdumez","ASSIGNED",,"2025-09-15 00:02:31","2025-09-22 00:04:41"
300281,"WebKit","Bindings","cdumez","ASSIGNED",,"2025-10-06 19:23:04","2025-10-06 19:23:04"
300288,"WebKit","Bindings","cdumez","ASSIGNED",,"2025-10-06 21:05:45","2025-10-06 21:55:37"
300300,"WebKit","WebCore Misc.","cdumez","ASSIGNED",,"2025-10-07 00:11:54","2025-10-07 00:13:22"
300305,"WebKit","WebCore Misc.","cdumez","ASSIGNED",,"2025-10-07 01:29:26","2025-10-07 01:30:40"
299395,"WebKit","Tools / Tests","clopez","ASSIGNED",,"2025-09-23 14:55:24","2025-09-30 14:57:24"
296539,"WebKit","Web Template Framework","darin","ASSIGNED",,"2025-07-27 11:17:53","2025-09-27 14:40:15"
299267,"WebKit","Web Template Framework","darin","ASSIGNED",,"2025-09-21 22:03:25","2025-09-27 10:06:14"
238788,"WebKit","ANGLE","djg","ASSIGNED",,"2022-04-04 21:29:54","2025-09-22 23:05:24"
299837,"WebKit","Tools / Tests","g_squelart","ASSIGNED",,"2025-09-29 18:03:44","2025-09-29 18:07:08"
299898,"WebKit","New Bugs","lwarlow","ASSIGNED",,"2025-09-30 13:44:34","2025-09-30 14:47:37"
195819,"WebKit","WebKit Misc.","wenson_hsieh","ASSIGNED",,"2019-03-15 13:53:08","2025-09-29 14:30:42"
120755,"WebKit","Tools / Tests","ap","REOPENED",,"2013-09-04 23:48:00","2025-10-03 16:25:11"
298450,"WebKit","Platform","alexbdamac","REOPENED",,"2025-09-05 09:39:02","2025-09-24 03:36:46"
300187,"WebKit","JavaScriptCore","angelos","REOPENED",,"2025-10-04 21:49:35","2025-10-05 15:15:33"
297780,"WebKit","Tools / Tests","clopez","REOPENED",,"2025-08-22 06:15:53","2025-09-26 15:44:11"
299598,"WebKit","WebKitGTK","clopez","REOPENED",,"2025-09-26 04:46:31","2025-09-26 17:06:44"
299629,"WebKit","WebAssembly","daniel_liu4","REOPENED",,"2025-09-26 13:14:27","2025-10-06 21:51:06"
300201,"WebKit","New Bugs","ddkilzer","REOPENED",,"2025-10-05 17:17:12","2025-10-06 15:38:46"
300260,"WebKit","WebXR","ddkilzer","REOPENED",,"2025-10-06 14:13:22","2025-10-06 20:50:05"
20846,"WebKit","Images","fujii.hironori","REOPENED",,"2008-09-14 19:14:56","2025-09-20 03:49:07"
298942,"WebKit","New Bugs","gavin.p","REOPENED",,"2025-09-16 04:34:30","2025-09-22 06:37:53"
300147,"WebKit","WebCore Misc.","jer.noble","REOPENED",,"2025-10-03 15:38:16","2025-10-06 09:18:18"
298714,"WebKit","JavaScriptCore","jmichaud","REOPENED",,"2025-09-11 06:39:50","2025-10-01 10:20:30"
299000,"WebKit","New Bugs","lily_spiniolas","REOPENED",,"2025-09-16 23:30:39","2025-09-24 15:49:29"
299050,"WebKit","PDF","mattwoodrow","REOPENED",,"2025-09-17 15:38:35","2025-09-18 14:22:44"
299139,"WebKit","WebKit Process Model","mattwoodrow","REOPENED",,"2025-09-18 16:50:26","2025-10-05 16:11:21"
299343,"WebKit","Tools / Tests","Morningstar","REOPENED",,"2025-09-22 19:38:50","2025-09-22 21:12:27"
299237,"WebKit","WebGPU","mwyrzykowski","REOPENED",,"2025-09-20 03:09:25","2025-09-26 11:44:23"
278084,"WebKit","CSS","ntim","REOPENED",,"2024-08-13 23:25:54","2025-09-24 09:39:16"
299949,"WebKit","WebKit Process Model","pvollan","REOPENED",,"2025-10-01 04:40:54","2025-10-07 01:11:26"
298383,"WebKit","WebGPU","tzagallo","REOPENED",,"2025-09-04 04:00:21","2025-09-17 11:50:04"
27545,"WebKit","CSS","webkit-unassigned","REOPENED",,"2009-07-22 09:51:41","2025-09-30 20:05:40"
247893,"WebKit","WebRTC","webkit-unassigned","REOPENED",,"2022-11-14 06:55:16","2025-09-19 07:01:35"
287291,"WebKit","Tools / Tests","webkit-unassigned","REOPENED",,"2025-02-07 14:39:12","2025-09-30 14:44:42"
290404,"WebKit","Scrolling","webkit-unassigned","REOPENED",,"2025-03-25 11:37:30","2025-10-03 21:46:45"
297721,"WebKit","New Bugs","webkit-unassigned","REOPENED",,"2025-08-21 06:03:33","2025-10-06 20:47:43"
298803,"WebKit","New Bugs","webkit-unassigned","REOPENED",,"2025-09-12 16:38:43","2025-09-24 14:27:53"
299238,"WebKit","Layout and Rendering","webkit-unassigned","REOPENED",,"2025-09-20 08:36:27","2025-09-30 10:19:45"
299488,"WebKit","New Bugs","webkit-unassigned","REOPENED",,"2025-09-24 14:31:12","2025-10-05 15:15:28"
300151,"WebKit","bmalloc","webkit-unassigned","REOPENED",,"2025-10-03 15:53:06","2025-10-05 08:53:14"
300249,"WebKit","Layout and Rendering","webkit-unassigned","REOPENED",,"2025-10-06 10:53:16","2025-10-06 23:12:16"
299504,"WebKit","JavaScriptCore","ysuzuki","REOPENED",,"2025-09-24 19:53:50","2025-09-26 09:23:45"
299931,"WebKit","JavaScriptCore","ysuzuki","REOPENED",,"2025-09-30 21:43:25","2025-10-01 10:55:56"
299452,"WebKit","JavaScriptCore","webkit-security-unassigned","RESOLVED","FIXED","2025-09-24 10:46:11","2025-10-06 16:48:38"
299007,"WebKit","Scrolling","webkit-unassigned","RESOLVED","DUPLICATE","2025-09-17 01:46:28","2025-09-25 18:41:34"
300020,"WebKit","New Bugs","webkit-unassigned","RESOLVED","DUPLICATE","2025-10-02 05:15:21","2025-10-02 08:13:43"
205878,"WebKit","Tools / Tests","aakash_jain","RESOLVED","FIXED","2020-01-07 12:07:42","2025-09-26 11:43:05"
283526,"WebKit","Tools / Tests","aakash_jain","RESOLVED","FIXED","2024-11-21 15:21:21","2025-09-26 09:29:45"
298875,"WebKit","New Bugs","aakash_jain","RESOLVED","FIXED","2025-09-15 09:17:36","2025-09-16 11:05:18"
298887,"WebKit","New Bugs","aakash_jain","RESOLVED","FIXED","2025-09-15 11:44:54","2025-09-16 13:22:06"
298896,"WebKit","New Bugs","aakash_jain","RESOLVED","FIXED","2025-09-15 14:22:53","2025-10-03 10:05:58"
298899,"WebKit","New Bugs","aakash_jain","RESOLVED","FIXED","2025-09-15 14:42:28","2025-09-18 05:52:51"
298900,"WebKit","New Bugs","aakash_jain","RESOLVED","FIXED","2025-09-15 15:10:52","2025-10-02 13:46:45"
299013,"WebKit","New Bugs","aakash_jain","RESOLVED","FIXED","2025-09-17 04:55:06","2025-09-17 08:35:10"
299100,"WebKit","New Bugs","aakash_jain","RESOLVED","FIXED","2025-09-18 09:45:45","2025-09-18 12:50:12"
299115,"WebKit","New Bugs","aakash_jain","RESOLVED","FIXED","2025-09-18 11:51:23","2025-09-18 12:30:08"
299122,"WebKit","New Bugs","aakash_jain","RESOLVED","FIXED","2025-09-18 13:42:09","2025-09-18 14:00:07"
299188,"WebKit","New Bugs","aakash_jain","RESOLVED","FIXED","2025-09-19 10:08:11","2025-09-19 11:18:13"
299433,"WebKit","New Bugs","aakash_jain","RESOLVED","FIXED","2025-09-24 03:17:08","2025-09-24 03:47:07"
299622,"WebKit","New Bugs","aakash_jain","RESOLVED","FIXED","2025-09-26 11:38:24","2025-09-29 12:30:44"
296749,"WebKit","WebCore Misc.","achristensen","RESOLVED","FIXED","2025-07-31 09:53:25","2025-09-29 00:12:00"
298999,"WebKit","WebCore Misc.","achristensen","RESOLVED","FIXED","2025-09-16 23:13:28","2025-09-17 11:44:43"
299045,"WebKit","WebKit Process Model","achristensen","RESOLVED","FIXED","2025-09-17 15:08:00","2025-09-18 08:47:14"
299114,"WebKit","WebKit Misc.","achristensen","RESOLVED","FIXED","2025-09-18 11:45:46","2025-09-18 15:44:42"
299135,"WebKit","WebKit API","achristensen","RESOLVED","FIXED","2025-09-18 15:51:28","2025-09-19 10:36:24"
299138,"WebKit","WebKit Misc.","achristensen","RESOLVED","FIXED","2025-09-18 16:49:34","2025-09-18 17:14:19"
299215,"WebKit","WebKit API","achristensen","RESOLVED","FIXED","2025-09-19 16:00:28","2025-09-22 16:29:14"
299309,"WebKit","New Bugs","achristensen","RESOLVED","FIXED","2025-09-22 13:07:40","2025-09-22 15:41:31"
299332,"WebKit","WebKit API","achristensen","RESOLVED","FIXED","2025-09-22 16:30:48","2025-09-23 13:20:28"
299449,"WebKit","WebKit API","achristensen","RESOLVED","FIXED","2025-09-24 09:57:27","2025-09-24 13:11:40"
299824,"WebKit","WebKit Process Model","achristensen","RESOLVED","FIXED","2025-09-29 14:37:23","2025-09-29 16:31:24"
299935,"WebKit","WebCore Misc.","achristensen","RESOLVED","FIXED","2025-09-30 22:44:49","2025-10-01 15:32:37"
299978,"WebKit","WebKit API","achristensen","RESOLVED","FIXED","2025-10-01 12:43:29","2025-10-01 14:36:03"
299987,"WebKit","WebKit Misc.","achristensen","RESOLVED","FIXED","2025-10-01 15:33:01","2025-10-01 17:00:16"
299992,"WebKit","WebKit Misc.","achristensen","RESOLVED","FIXED","2025-10-01 17:01:52","2025-10-01 18:11:48"
300043,"WebKit","WebKit Misc.","achristensen","RESOLVED","FIXED","2025-10-02 12:59:45","2025-10-02 15:48:16"
300057,"WebKit","WebKit Misc.","achristensen","RESOLVED","FIXED","2025-10-02 16:36:10","2025-10-02 20:50:35"
300060,"WebKit","Tools / Tests","achristensen","RESOLVED","FIXED","2025-10-02 17:14:53","2025-10-02 17:20:09"
300073,"WebKit","WebKit API","achristensen","RESOLVED","FIXED","2025-10-02 20:31:16","2025-10-03 09:39:03"
300114,"WebKit","Tools / Tests","achristensen","RESOLVED","FIXED","2025-10-03 09:48:34","2025-10-03 09:56:40"
300124,"WebKit","WebKit Misc.","achristensen","RESOLVED","FIXED","2025-10-03 11:09:44","2025-10-03 12:53:59"
300136,"WebKit","WebKit Misc.","achristensen","RESOLVED","FIXED","2025-10-03 14:18:13","2025-10-03 16:52:34"
300257,"WebKit","WebKit Misc.","achristensen","RESOLVED","FIXED","2025-10-06 13:46:14","2025-10-06 14:04:33"
63186,"WebKit","Tools / Tests","adamk","RESOLVED","FIXED","2011-06-22 14:45:32","2025-09-20 15:26:05"
299059,"WebKit","Media","aestes","RESOLVED","FIXED","2025-09-17 17:23:28","2025-09-18 15:16:53"
300252,"WebKit","Media","aestes","RESOLVED","FIXED","2025-10-06 12:15:17","2025-10-06 16:33:44"
218402,"WebKit","DOM","ahmad.saleem792","RESOLVED","FIXED","2020-10-30 13:23:12","2025-09-17 17:41:17"
275293,"WebKit","SVG","ahmad.saleem792","RESOLVED","FIXED","2024-06-08 12:22:37","2025-09-17 15:22:20"
281210,"WebKit","MathML","ahmad.saleem792","RESOLVED","CONFIGURATION CHANGED","2024-10-10 01:46:09","2025-09-29 17:08:20"
293061,"WebKit","New Bugs","ahmad.saleem792","RESOLVED","FIXED","2025-05-15 13:37:41","2025-09-30 09:01:08"
294838,"WebKit","HTML Editing","ahmad.saleem792","RESOLVED","WONTFIX","2025-06-23 06:44:28","2025-09-19 08:18:06"
296296,"WebKit","New Bugs","ahmad.saleem792","RESOLVED","FIXED","2025-07-21 13:48:09","2025-09-21 21:10:44"
298720,"WebKit","Tools / Tests","ahmad.saleem792","RESOLVED","FIXED","2025-09-11 07:50:37","2025-10-04 02:16:26"
298828,"WebKit","Tables","ahmad.saleem792","RESOLVED","FIXED","2025-09-13 18:56:05","2025-09-16 03:42:09"
298972,"WebKit","CSS","ahmad.saleem792","RESOLVED","FIXED","2025-09-16 11:59:19","2025-09-17 05:01:55"
299061,"WebKit","DOM","ahmad.saleem792","RESOLVED","FIXED","2025-09-17 17:47:07","2025-09-19 12:49:21"
299062,"WebKit","DOM","ahmad.saleem792","RESOLVED","FIXED","2025-09-17 18:11:23","2025-09-18 02:54:25"
299143,"WebKit","Web Audio","ahmad.saleem792","RESOLVED","FIXED","2025-09-18 18:59:28","2025-09-18 22:54:17"
299145,"WebKit","WebRTC","ahmad.saleem792","RESOLVED","FIXED","2025-09-18 19:14:50","2025-09-23 08:44:11"
299146,"WebKit","Bindings","ahmad.saleem792","RESOLVED","FIXED","2025-09-18 19:33:55","2025-09-19 05:16:55"
299264,"WebKit","DOM","ahmad.saleem792","RESOLVED","FIXED","2025-09-21 19:51:08","2025-09-22 11:58:13"
299431,"WebKit","Tables","ahmad.saleem792","RESOLVED","FIXED","2025-09-24 02:47:49","2025-09-25 02:18:36"
299451,"WebKit","Web Audio","ahmad.saleem792","RESOLVED","FIXED","2025-09-24 10:40:06","2025-09-24 13:27:52"
299617,"WebKit","MathML","ahmad.saleem792","RESOLVED","FIXED","2025-09-26 10:47:27","2025-09-26 13:29:41"
300080,"WebKit","SVG","ahmad.saleem792","RESOLVED","FIXED","2025-10-03 01:09:00","2025-10-06 06:31:16"
300082,"WebKit","CSS","ahmad.saleem792","RESOLVED","FIXED","2025-10-03 01:27:53","2025-10-03 06:50:51"
300164,"WebKit","Web Audio","ahmad.saleem792","RESOLVED","FIXED","2025-10-04 02:05:17","2025-10-05 03:37:16"
300237,"WebKit","SVG","ahmad.saleem792","RESOLVED","FIXED","2025-10-06 07:21:19","2025-10-06 09:48:17"
300248,"WebKit","SVG","ahmad.saleem792","RESOLVED","FIXED","2025-10-06 10:49:27","2025-10-07 00:12:48"
298918,"WebKit","New Bugs","akeerthi","RESOLVED","FIXED","2025-09-15 20:24:17","2025-09-18 11:03:03"
298966,"WebKit","New Bugs","akeerthi","RESOLVED","FIXED","2025-09-16 10:34:16","2025-09-24 00:02:14"
299822,"WebKit","Forms","akeerthi","RESOLVED","FIXED","2025-09-29 13:48:53","2025-09-30 02:56:59"
300117,"WebKit","New Bugs","akeerthi","RESOLVED","FIXED","2025-10-03 10:08:34","2025-10-06 08:24:37"
299594,"WebKit","New Bugs","alex","RESOLVED","FIXED","2025-09-26 02:40:31","2025-09-26 04:19:12"
299596,"WebKit","New Bugs","alex","RESOLVED","FIXED","2025-09-26 03:10:10","2025-09-26 04:17:30"
295504,"WebKit","CSS","alexbdamac","RESOLVED","FIXED","2025-07-07 00:29:22","2025-09-24 14:08:59"
298439,"WebKit","JavaScriptCore","angelos","RESOLVED","FIXED","2025-09-05 05:22:24","2025-09-22 08:29:22"
298536,"WebKit","JavaScriptCore","angelos","RESOLVED","FIXED","2025-09-08 07:10:10","2025-09-19 04:53:27"
298592,"WebKit","JavaScriptCore","angelos","RESOLVED","FIXED","2025-09-09 02:49:50","2025-09-23 07:08:54"
299515,"WebKit","JavaScriptCore","angelos","RESOLVED","FIXED","2025-09-25 02:37:04","2025-09-25 22:02:13"
299721,"WebKit","JavaScriptCore","angelos","RESOLVED","FIXED","2025-09-29 01:18:54","2025-09-30 08:13:18"
299738,"WebKit","JavaScriptCore","angelos","RESOLVED","FIXED","2025-09-29 07:07:58","2025-10-03 02:47:14"
299871,"WebKit","bmalloc","angelos","RESOLVED","FIXED","2025-09-30 05:26:06","2025-09-30 06:46:11"
300021,"WebKit","JavaScriptCore","angelos","RESOLVED","FIXED","2025-10-02 05:46:55","2025-10-03 10:18:11"
300219,"WebKit","JavaScriptCore","angelos","RESOLVED","FIXED","2025-10-06 01:15:42","2025-10-06 02:25:46"
255921,"WebKit","DOM","annevk","RESOLVED","FIXED","2023-04-25 07:14:14","2025-09-23 10:10:43"
295981,"WebKit","WebKit Misc.","annevk","RESOLVED","CONFIGURATION CHANGED","2025-07-15 07:51:00","2025-10-06 23:24:09"
298954,"WebKit","WebCore Misc.","annevk","RESOLVED","FIXED","2025-09-16 08:17:12","2025-09-16 22:33:09"
299959,"WebKit","DOM","annevk","RESOLVED","FIXED","2025-10-01 08:34:53","2025-10-04 06:02:10"
300027,"WebKit","DOM","annevk","RESOLVED","FIXED","2025-10-02 08:01:46","2025-10-04 03:21:25"
294503,"WebKit","JavaScriptCore","aosukeke","RESOLVED","FIXED","2025-06-14 08:32:11","2025-09-22 16:37:19"
299293,"WebKit","Tools / Tests","ap","RESOLVED","FIXED","2025-09-22 08:49:19","2025-09-22 09:19:07"
296986,"WebKit","Tools / Tests","aperez","RESOLVED","FIXED","2025-08-06 01:09:39","2025-09-25 02:31:48"
297716,"WebKit","New Bugs","aperez","RESOLVED","FIXED","2025-08-21 00:31:52","2025-09-16 09:46:33"
298312,"WebKit","WebXR","aperez","RESOLVED","FIXED","2025-09-03 02:35:02","2025-09-24 08:01:05"
299430,"WebKit","Platform","aperez","RESOLVED","FIXED","2025-09-24 02:22:35","2025-09-24 02:34:05"
299489,"WebKit","WebXR","aperez","RESOLVED","FIXED","2025-09-24 14:37:23","2025-09-25 02:20:19"
299513,"WebKit","Platform","aperez","RESOLVED","FIXED","2025-09-25 02:10:52","2025-09-25 12:48:16"
299514,"WebKit","WebKit2","aperez","RESOLVED","FIXED","2025-09-25 02:28:52","2025-09-25 12:50:13"
299589,"WebKit","CMake","aperez","RESOLVED","FIXED","2025-09-26 00:58:05","2025-09-26 05:31:55"
299592,"WebKit","Platform","aperez","RESOLVED","DUPLICATE","2025-09-26 02:08:30","2025-09-26 17:54:47"
300228,"WebKit","Platform","aperez","RESOLVED","FIXED","2025-10-06 02:46:58","2025-10-06 07:42:40"
298663,"WebKit","UI Events","a_protyasha","RESOLVED","FIXED","2025-09-10 09:21:06","2025-09-23 11:43:40"
298904,"WebKit","UI Events","a_protyasha","RESOLVED","FIXED","2025-09-15 15:56:19","2025-09-18 16:31:36"
298913,"WebKit","UI Events","a_protyasha","RESOLVED","INVALID","2025-09-15 19:01:43","2025-09-16 15:30:26"
299118,"WebKit","UI Events","a_protyasha","RESOLVED","FIXED","2025-09-18 13:11:34","2025-09-24 11:07:35"
299378,"WebKit","New Bugs","a_protyasha","RESOLVED","FIXED","2025-09-23 09:54:34","2025-09-24 14:56:50"
299404,"WebKit","New Bugs","a_protyasha","RESOLVED","FIXED","2025-09-23 16:33:49","2025-09-23 16:53:33"
299434,"WebKit","New Bugs","a_protyasha","RESOLVED","FIXED","2025-09-24 04:49:15","2025-09-25 01:07:21"
299543,"WebKit","New Bugs","a_protyasha","RESOLVED","FIXED","2025-09-25 12:30:26","2025-09-30 11:40:43"
299896,"WebKit","Tools / Tests","a_protyasha","RESOLVED","FIXED","2025-09-30 12:40:20","2025-09-30 15:21:01"
300055,"WebKit","UI Events","a_protyasha","RESOLVED","FIXED","2025-10-02 16:05:50","2025-10-03 14:01:55"
300154,"WebKit","New Bugs","a_protyasha","RESOLVED","FIXED","2025-10-03 17:23:33","2025-10-06 11:06:01"
300186,"WebKit","New Bugs","a_protyasha","RESOLVED","FIXED","2025-10-04 19:27:50","2025-10-05 02:13:00"
300220,"WebKit","WebCore Misc.","a_protyasha","RESOLVED","FIXED","2025-10-06 01:17:43","2025-10-06 11:08:04"
298777,"WebKit","New Bugs","basuke","RESOLVED","FIXED","2025-09-12 09:18:37","2025-09-18 08:22:12"
299317,"WebKit","New Bugs","basuke","RESOLVED","FIXED","2025-09-22 14:16:40","2025-09-26 09:34:45"
299333,"WebKit","New Bugs","basuke","RESOLVED","FIXED","2025-09-22 17:02:03","2025-09-23 19:17:26"
299544,"WebKit","New Bugs","basuke","RESOLVED","FIXED","2025-09-25 12:33:07","2025-09-25 18:34:10"
299640,"WebKit","New Bugs","basuke","RESOLVED","FIXED","2025-09-26 16:11:11","2025-09-26 23:55:34"
299900,"WebKit","New Bugs","basuke","RESOLVED","FIXED","2025-09-30 14:06:42","2025-10-01 14:48:14"
297549,"WebKit","Web Inspector","bburg","RESOLVED","FIXED","2025-08-18 13:14:01","2025-09-25 14:31:08"
298676,"WebKit","New Bugs","bburg","RESOLVED","FIXED","2025-09-10 13:02:25","2025-09-29 13:47:52"
299490,"WebKit","New Bugs","bburg","RESOLVED","FIXED","2025-09-24 14:42:22","2025-10-03 03:53:41"
277526,"WebKit","WebKit Misc.","beidson","RESOLVED","FIXED","2024-08-01 21:00:05","2025-10-04 09:05:31"
299392,"WebKit","WebKit Misc.","beidson","RESOLVED","FIXED","2025-09-23 14:07:01","2025-09-23 20:23:42"
298991,"WebKit","Tools / Tests","ben_schwartz","RESOLVED","FIXED","2025-09-16 17:52:36","2025-09-23 16:56:06"
299160,"WebKit","Tools / Tests","ben_schwartz","RESOLVED","FIXED","2025-09-19 00:00:04","2025-09-24 13:41:25"
299985,"WebKit","Tools / Tests","ben_schwartz","RESOLVED","FIXED","2025-10-01 15:09:09","2025-10-02 06:07:50"
277279,"WebKit","Tools / Tests","bfan2","RESOLVED","FIXED","2024-07-29 14:25:44","2025-09-19 10:47:35"
297628,"WebKit","Tools / Tests","bfan2","RESOLVED","FIXED","2025-08-19 17:08:43","2025-09-23 11:06:20"
298682,"WebKit","Tools / Tests","bfan2","RESOLVED","FIXED","2025-09-10 14:03:10","2025-09-17 13:02:44"
298688,"WebKit","Tools / Tests","bfan2","RESOLVED","FIXED","2025-09-10 16:17:12","2025-09-19 10:34:30"
299217,"WebKit","Tools / Tests","bfan2","RESOLVED","FIXED","2025-09-19 16:52:15","2025-09-19 16:57:51"
293747,"WebKit","New Bugs","bfulgham","RESOLVED","FIXED","2025-05-29 11:08:49","2025-09-17 18:36:25"
296982,"WebKit","WebKit API","bfulgham","RESOLVED","FIXED","2025-08-05 17:37:23","2025-10-03 10:10:20"
296391,"WebKit","WebCore Misc.","brandonstewart","RESOLVED","FIXED","2025-07-23 12:10:58","2025-09-29 13:57:38"
299399,"WebKit","WebKit Misc.","brandonstewart","RESOLVED","DUPLICATE","2025-09-23 15:47:06","2025-09-23 16:43:00"
299400,"WebKit","New Bugs","brandonstewart","RESOLVED","FIXED","2025-09-23 15:47:47","2025-09-23 19:33:52"
299569,"WebKit","New Bugs","brandonstewart","RESOLVED","FIXED","2025-09-25 17:14:53","2025-09-26 16:09:56"
300109,"WebKit","Media","bugs-noreply","RESOLVED","FIXED","2025-10-03 08:43:26","2025-10-06 12:19:12"
290306,"WebKit","New Bugs","calvaris","RESOLVED","FIXED","2025-03-24 05:48:02","2025-09-22 05:59:00"
296689,"WebKit","New Bugs","calvaris","RESOLVED","FIXED","2025-07-30 03:48:15","2025-09-26 05:20:49"
299008,"WebKit","New Bugs","calvaris","RESOLVED","FIXED","2025-09-17 01:49:05","2025-09-24 06:58:16"
299593,"WebKit","New Bugs","calvaris","RESOLVED","FIXED","2025-09-26 02:36:14","2025-09-26 17:54:47"
176812,"WebKit","WebCore Misc.","cdumez","RESOLVED","FIXED","2017-09-12 16:00:30","2025-09-27 23:28:02"
185956,"WebKit","Images","cdumez","RESOLVED","FIXED","2018-05-24 12:48:05","2025-10-06 03:25:04"
296276,"WebKit","WebKit2","cdumez","RESOLVED","FIXED","2025-07-21 09:01:27","2025-09-16 07:56:46"
297131,"WebKit","Website Storage","cdumez","RESOLVED","FIXED","2025-08-08 11:58:02","2025-09-17 15:23:54"
297346,"WebKit","DOM","cdumez","RESOLVED","FIXED","2025-08-13 11:45:09","2025-09-17 18:05:48"
298125,"WebKit","Media","cdumez","RESOLVED","FIXED","2025-08-29 14:58:39","2025-09-17 15:29:17"
298549,"WebKit","New Bugs","cdumez","RESOLVED","FIXED","2025-09-08 13:02:52","2025-09-25 01:46:48"
298706,"WebKit","Web Template Framework","cdumez","RESOLVED","INVALID","2025-09-11 02:33:58","2025-09-18 04:45:32"
298835,"WebKit","Web Template Framework","cdumez","RESOLVED","FIXED","2025-09-14 04:57:34","2025-09-18 19:49:47"
298840,"WebKit","Platform","cdumez","RESOLVED","FIXED","2025-09-14 17:14:21","2025-09-23 06:28:28"
298859,"WebKit","WebCore Misc.","cdumez","RESOLVED","FIXED","2025-09-15 03:08:41","2025-09-16 04:44:14"
298921,"WebKit","Platform","cdumez","RESOLVED","FIXED","2025-09-15 21:43:21","2025-09-16 18:11:18"
298922,"WebKit","WebCore Misc.","cdumez","RESOLVED","FIXED","2025-09-15 21:48:31","2025-09-16 21:34:21"
298923,"WebKit","WebCore Misc.","cdumez","RESOLVED","FIXED","2025-09-15 22:01:57","2025-10-03 23:31:47"
298944,"WebKit","WebCore Misc.","cdumez","RESOLVED","FIXED","2025-09-16 05:00:52","2025-09-17 15:33:31"
298947,"WebKit","New Bugs","cdumez","RESOLVED","FIXED","2025-09-16 05:30:18","2025-09-17 21:37:11"
298950,"WebKit","WebCore Misc.","cdumez","RESOLVED","FIXED","2025-09-16 06:02:07","2025-09-17 15:14:12"
298987,"WebKit","Page Loading","cdumez","RESOLVED","FIXED","2025-09-16 15:56:43","2025-09-25 16:06:23"
298995,"WebKit","WebKit2","cdumez","RESOLVED","FIXED","2025-09-16 19:36:33","2025-09-17 04:18:04"
298997,"WebKit","WebCore Misc.","cdumez","RESOLVED","FIXED","2025-09-16 22:48:58","2025-09-17 05:18:18"
299011,"WebKit","WebCore Misc.","cdumez","RESOLVED","FIXED","2025-09-17 04:44:53","2025-09-17 20:23:13"
299014,"WebKit","WebCore Misc.","cdumez","RESOLVED","FIXED","2025-09-17 04:58:36","2025-09-17 15:06:13"
299054,"WebKit","Tools / Tests","cdumez","RESOLVED","FIXED","2025-09-17 16:03:35","2025-09-17 18:34:29"
299067,"WebKit","WebCore Misc.","cdumez","RESOLVED","FIXED","2025-09-17 21:10:16","2025-09-18 17:21:13"
299070,"WebKit","Text","cdumez","RESOLVED","FIXED","2025-09-17 23:36:10","2025-09-18 23:00:16"
299085,"WebKit","Platform","cdumez","RESOLVED","FIXED","2025-09-18 05:38:15","2025-09-19 06:08:14"
299110,"WebKit","WebRTC","cdumez","RESOLVED","FIXED","2025-09-18 11:24:55","2025-09-25 03:51:04"
299140,"WebKit","Platform","cdumez","RESOLVED","FIXED","2025-09-18 17:37:39","2025-09-19 00:39:23"
299142,"WebKit","Platform","cdumez","RESOLVED","FIXED","2025-09-18 18:34:50","2025-09-19 05:13:14"
299144,"WebKit","WebCore Misc.","cdumez","RESOLVED","FIXED","2025-09-18 19:10:05","2025-09-19 06:01:13"
299149,"WebKit","WebCore Misc.","cdumez","RESOLVED","FIXED","2025-09-18 21:52:48","2025-09-19 04:55:15"
299152,"WebKit","WebKit2","cdumez","RESOLVED","FIXED","2025-09-18 22:22:15","2025-09-18 22:37:20"
299153,"WebKit","WebCore Misc.","cdumez","RESOLVED","FIXED","2025-09-18 22:55:19","2025-09-19 05:55:45"
299156,"WebKit","WebCore Misc.","cdumez","RESOLVED","FIXED","2025-09-18 23:16:25","2025-09-19 09:21:15"
299159,"WebKit","Platform","cdumez","RESOLVED","FIXED","2025-09-18 23:59:02","2025-09-19 04:59:14"
299163,"WebKit","Web Template Framework","cdumez","RESOLVED","FIXED","2025-09-19 00:52:12","2025-09-19 05:57:12"
299165,"WebKit","WebCore Misc.","cdumez","RESOLVED","FIXED","2025-09-19 02:31:10","2025-09-19 06:06:15"
299173,"WebKit","Tools / Tests","cdumez","RESOLVED","FIXED","2025-09-19 05:04:01","2025-09-19 05:08:16"
299175,"WebKit","Tools / Tests","cdumez","RESOLVED","FIXED","2025-09-19 06:24:43","2025-09-19 07:14:23"
299195,"WebKit","New Bugs","cdumez","RESOLVED","FIXED","2025-09-19 11:23:12","2025-09-20 17:56:11"
299222,"WebKit","Tools / Tests","cdumez","RESOLVED","FIXED","2025-09-19 18:18:22","2025-09-19 18:48:12"
299260,"WebKit","New Bugs","cdumez","RESOLVED","FIXED","2025-09-21 17:12:12","2025-09-22 07:52:12"
299268,"WebKit","WebCore Misc.","cdumez","RESOLVED","FIXED","2025-09-21 22:08:51","2025-09-21 22:12:23"
299271,"WebKit","Platform","cdumez","RESOLVED","FIXED","2025-09-21 23:47:29","2025-09-23 03:07:30"
299276,"WebKit","Platform","cdumez","RESOLVED","FIXED","2025-09-22 01:18:33","2025-09-22 17:49:35"
299339,"WebKit","Platform","cdumez","RESOLVED","FIXED","2025-09-22 18:42:27","2025-09-23 03:04:26"
299340,"WebKit","Tools / Tests","cdumez","RESOLVED","FIXED","2025-09-22 18:56:34","2025-09-22 19:15:14"
299344,"WebKit","Platform","cdumez","RESOLVED","FIXED","2025-09-22 20:01:34","2025-09-23 06:04:51"
299356,"WebKit","WebKit2","cdumez","RESOLVED","FIXED","2025-09-22 22:56:56","2025-09-23 00:58:31"
299358,"WebKit","Platform","cdumez","RESOLVED","FIXED","2025-09-22 23:43:37","2025-09-23 20:57:10"
299360,"WebKit","Platform","cdumez","RESOLVED","FIXED","2025-09-23 01:00:04","2025-09-23 18:06:37"
299361,"WebKit","Layout and Rendering","cdumez","RESOLVED","FIXED","2025-09-23 01:21:32","2025-09-23 05:39:27"
299409,"WebKit","Platform","cdumez","RESOLVED","FIXED","2025-09-23 18:38:29","2025-09-24 04:56:15"
299411,"WebKit","WebCore Misc.","cdumez","RESOLVED","FIXED","2025-09-23 19:14:49","2025-09-23 20:35:21"
299413,"WebKit","WebCore Misc.","cdumez","RESOLVED","FIXED","2025-09-23 19:27:15","2025-09-24 01:56:11"
299417,"WebKit","Service Workers","cdumez","RESOLVED","FIXED","2025-09-23 21:25:01","2025-09-24 04:54:12"
299418,"WebKit","Platform","cdumez","RESOLVED","FIXED","2025-09-23 21:50:49","2025-09-24 05:29:20"
299420,"WebKit","Layout and Rendering","cdumez","RESOLVED","FIXED","2025-09-23 23:05:41","2025-09-23 23:53:46"
299428,"WebKit","WebKit2","cdumez","RESOLVED","FIXED","2025-09-24 01:45:00","2025-09-30 05:38:20"
299565,"WebKit","WebKit2","cdumez","RESOLVED","FIXED","2025-09-25 15:36:31","2025-09-25 16:10:54"
299576,"WebKit","WebKit2","cdumez","RESOLVED","FIXED","2025-09-25 18:30:44","2025-09-27 04:27:13"
299579,"WebKit","WebKit2","cdumez","RESOLVED","FIXED","2025-09-25 19:04:43","2025-09-26 06:56:15"
299581,"WebKit","WebKit2","cdumez","RESOLVED","FIXED","2025-09-25 19:30:57","2025-09-25 23:50:21"
299582,"WebKit","WebCore Misc.","cdumez","RESOLVED","FIXED","2025-09-25 19:43:19","2025-09-26 05:19:11"
299584,"WebKit","Media","cdumez","RESOLVED","FIXED","2025-09-25 22:06:10","2025-09-27 01:59:56"
299599,"WebKit","Tools / Tests","cdumez","RESOLVED","FIXED","2025-09-26 05:12:33","2025-09-26 05:17:14"
299659,"WebKit","WebKit2","cdumez","RESOLVED","FIXED","2025-09-27 07:39:47","2025-09-28 15:52:07"
299688,"WebKit","WebKit2","cdumez","RESOLVED","FIXED","2025-09-27 23:30:18","2025-09-28 20:58:05"
299708,"WebKit","WebKit2","cdumez","RESOLVED","FIXED","2025-09-28 17:50:23","2025-09-29 04:12:17"
299709,"WebKit","WebKit2","cdumez","RESOLVED","FIXED","2025-09-28 18:25:23","2025-09-29 01:50:54"
299711,"WebKit","WebKit2","cdumez","RESOLVED","FIXED","2025-09-28 19:28:18","2025-09-29 01:33:58"
299714,"WebKit","WebKit2","cdumez","RESOLVED","FIXED","2025-09-28 21:12:57","2025-09-29 06:08:18"
299717,"WebKit","WebKit2","cdumez","RESOLVED","FIXED","2025-09-28 22:45:49","2025-09-29 21:12:14"
299835,"WebKit","WebCore Misc.","cdumez","RESOLVED","FIXED","2025-09-29 17:26:17","2025-09-29 18:47:56"
299839,"WebKit","WebKit2","cdumez","RESOLVED","FIXED","2025-09-29 18:47:30","2025-10-06 04:26:50"
299840,"WebKit","WebKit2","cdumez","RESOLVED","FIXED","2025-09-29 19:18:07","2025-09-30 00:54:20"
299845,"WebKit","WebKit2","cdumez","RESOLVED","FIXED","2025-09-29 19:33:36","2025-09-29 21:28:38"
299848,"WebKit","WebKit2","cdumez","RESOLVED","FIXED","2025-09-29 20:48:19","2025-09-30 15:09:14"
299850,"WebKit","WebKit2","cdumez","RESOLVED","FIXED","2025-09-29 21:14:30","2025-09-30 21:44:13"
299851,"WebKit","WebKit2","cdumez","RESOLVED","FIXED","2025-09-29 21:28:11","2025-09-30 15:05:13"
299925,"WebKit","Web Inspector","cdumez","RESOLVED","FIXED","2025-09-30 19:47:50","2025-10-01 00:57:38"
299941,"WebKit","WebCore Misc.","cdumez","RESOLVED","FIXED","2025-10-01 00:56:37","2025-10-02 06:20:15"
299990,"WebKit","JavaScriptCore","cdumez","RESOLVED","FIXED","2025-10-01 16:44:05","2025-10-02 20:08:35"
300001,"WebKit","WebKit2","cdumez","RESOLVED","FIXED","2025-10-01 19:22:02","2025-10-02 23:46:17"
300007,"WebKit","WebKit2","cdumez","RESOLVED","FIXED","2025-10-01 21:38:05","2025-10-03 04:46:17"
300008,"WebKit","WebKit2","cdumez","RESOLVED","FIXED","2025-10-01 22:02:56","2025-10-03 18:13:28"
300072,"WebKit","WebKit2","cdumez","RESOLVED","FIXED","2025-10-02 19:43:14","2025-10-03 00:37:12"
300077,"WebKit","Tools / Tests","cdumez","RESOLVED","FIXED","2025-10-02 23:41:05","2025-10-03 07:00:17"
300079,"WebKit","WebKit2","cdumez","RESOLVED","FIXED","2025-10-03 00:16:50","2025-10-03 19:01:32"
300081,"WebKit","WebKit2","cdumez","RESOLVED","FIXED","2025-10-03 01:16:52","2025-10-03 18:08:23"
300091,"WebKit","WebKit2","cdumez","RESOLVED","FIXED","2025-10-03 04:04:17","2025-10-03 04:08:21"
300156,"WebKit","JavaScriptCore","cdumez","RESOLVED","FIXED","2025-10-03 18:12:53","2025-10-05 19:33:29"
300158,"WebKit","WebCore Misc.","cdumez","RESOLVED","FIXED","2025-10-03 19:14:38","2025-10-05 03:13:04"
300183,"WebKit","Bindings","cdumez","RESOLVED","FIXED","2025-10-04 19:18:45","2025-10-06 21:05:45"
300206,"WebKit","WebXR","cdumez","RESOLVED","FIXED","2025-10-05 18:29:24","2025-10-05 23:09:39"
300207,"WebKit","WebCore Misc.","cdumez","RESOLVED","FIXED","2025-10-05 19:28:20","2025-10-06 18:06:13"
300212,"WebKit","Bindings","cdumez","RESOLVED","FIXED","2025-10-05 21:07:01","2025-10-06 00:37:58"
300213,"WebKit","Bindings","cdumez","RESOLVED","FIXED","2025-10-05 21:55:09","2025-10-06 01:45:35"
300214,"WebKit","WebXR","cdumez","RESOLVED","FIXED","2025-10-05 21:59:00","2025-10-05 22:04:27"
300223,"WebKit","WebCore Misc.","cdumez","RESOLVED","FIXED","2025-10-06 01:51:58","2025-10-06 06:22:14"
300225,"WebKit","WebCore Misc.","cdumez","RESOLVED","FIXED","2025-10-06 02:10:51","2025-10-06 06:21:12"
300226,"WebKit","Animations","cdumez","RESOLVED","FIXED","2025-10-06 02:28:11","2025-10-06 06:15:13"
300229,"WebKit","CSS","cdumez","RESOLVED","FIXED","2025-10-06 03:09:28","2025-10-06 21:31:14"
300282,"WebKit","Bindings","cdumez","RESOLVED","FIXED","2025-10-06 19:26:17","2025-10-06 22:38:04"
299278,"WebKit","Platform","cgarcia","RESOLVED","FIXED","2025-09-22 02:16:01","2025-09-26 03:48:19"
299280,"WebKit","Platform","cgarcia","RESOLVED","FIXED","2025-09-22 03:59:59","2025-09-22 22:45:45"
299283,"WebKit","SVG","cgarcia","RESOLVED","FIXED","2025-09-22 05:03:36","2025-09-25 01:49:11"
299369,"WebKit","WPE WebKit","cgarcia","RESOLVED","FIXED","2025-09-23 06:48:26","2025-09-24 01:52:58"
299869,"WebKit","Platform","cgarcia","RESOLVED","FIXED","2025-09-30 02:24:59","2025-10-01 03:05:32"
290985,"WebKit","History","charliew","RESOLVED","FIXED","2025-04-03 02:17:55","2025-09-29 13:02:35"
297702,"WebKit","Website Storage","charliew","RESOLVED","FIXED","2025-08-20 17:53:56","2025-09-17 16:15:37"
299108,"WebKit","WebKit Misc.","charliew","RESOLVED","FIXED","2025-09-18 11:20:12","2025-09-18 11:37:30"
299127,"WebKit","Tools / Tests","charliew","RESOLVED","FIXED","2025-09-18 14:45:28","2025-09-18 14:49:44"
297755,"WebKit","Tools / Tests","clopez","RESOLVED","FIXED","2025-08-21 15:50:32","2025-09-17 13:40:29"
298339,"WebKit","WebKitGTK","clopez","RESOLVED","FIXED","2025-09-03 13:10:13","2025-09-16 08:38:46"
298958,"WebKit","WPE WebKit","clopez","RESOLVED","INVALID","2025-09-16 08:43:42","2025-09-16 09:53:33"
299552,"WebKit","New Bugs","clopez","RESOLVED","FIXED","2025-09-25 13:57:32","2025-09-29 03:24:33"
299821,"WebKit","WPE WebKit","clopez","RESOLVED","FIXED","2025-09-29 13:19:12","2025-09-29 13:32:05"
299090,"WebKit","New Bugs","commit-queue","RESOLVED","FIXED","2025-09-18 07:25:33","2025-09-18 07:32:47"
299103,"WebKit","New Bugs","commit-queue","RESOLVED","FIXED","2025-09-18 10:34:32","2025-09-18 10:38:12"
299310,"WebKit","New Bugs","commit-queue","RESOLVED","FIXED","2025-09-22 13:14:59","2025-09-22 13:20:18"
299465,"WebKit","New Bugs","commit-queue","RESOLVED","FIXED","2025-09-24 12:29:53","2025-09-24 12:46:28"
299467,"WebKit","New Bugs","commit-queue","RESOLVED","WONTFIX","2025-09-24 12:38:42","2025-09-24 12:46:16"
299608,"WebKit","New Bugs","commit-queue","RESOLVED","FIXED","2025-09-26 09:23:42","2025-09-26 09:32:12"
299880,"WebKit","New Bugs","commit-queue","RESOLVED","FIXED","2025-09-30 10:19:39","2025-09-30 10:38:40"
299964,"WebKit","New Bugs","commit-queue","RESOLVED","FIXED","2025-10-01 10:19:51","2025-10-01 10:27:13"
299968,"WebKit","New Bugs","commit-queue","RESOLVED","FIXED","2025-10-01 10:55:52","2025-10-01 11:00:16"
300068,"WebKit","New Bugs","commit-queue","RESOLVED","FIXED","2025-10-02 18:33:41","2025-10-02 18:37:14"
300143,"WebKit","New Bugs","commit-queue","RESOLVED","FIXED","2025-10-03 15:27:35","2025-10-03 16:50:16"
300189,"WebKit","New Bugs","commit-queue","RESOLVED","FIXED","2025-10-05 01:18:59","2025-10-05 01:23:14"
300197,"WebKit","New Bugs","commit-queue","RESOLVED","FIXED","2025-10-05 08:53:10","2025-10-05 08:58:11"
300200,"WebKit","New Bugs","commit-queue","RESOLVED","FIXED","2025-10-05 15:15:26","2025-10-05 15:19:33"
300289,"WebKit","New Bugs","commit-queue","RESOLVED","FIXED","2025-10-06 21:45:45","2025-10-06 21:49:15"
300304,"WebKit","New Bugs","commit-queue","RESOLVED","FIXED","2025-10-07 01:11:24","2025-10-07 02:08:25"
157041,"WebKit","JavaScriptCore","com.webkit.iidmsa","RESOLVED","FIXED","2016-04-26 13:44:03","2025-09-18 06:18:19"
299334,"WebKit","Web Template Framework","com.webkit.iidmsa","RESOLVED","INVALID","2025-09-22 17:02:10","2025-09-25 17:05:34"
299570,"WebKit","New Bugs","com.webkit.iidmsa","RESOLVED","FIXED","2025-09-25 17:15:15","2025-09-26 07:35:40"
300067,"WebKit","Web Template Framework","com.webkit.iidmsa","RESOLVED","FIXED","2025-10-02 18:20:17","2025-10-05 09:10:58"
299177,"WebKit","WebKit Misc.","csaavedra","RESOLVED","FIXED","2025-09-19 06:40:14","2025-09-19 12:42:14"
300101,"WebKit","WebKit Misc.","csaavedra","RESOLVED","FIXED","2025-10-03 06:39:00","2025-10-03 10:14:13"
300108,"WebKit","WebKit Misc.","csaavedra","RESOLVED","FIXED","2025-10-03 08:22:57","2025-10-03 23:22:56"
300240,"WebKit","WebKit Misc.","csaavedra","RESOLVED","FIXED","2025-10-06 08:25:34","2025-10-07 02:07:48"
298956,"WebKit","JavaScriptCore","dan.hecht","RESOLVED","FIXED","2025-09-16 08:28:29","2025-09-16 11:15:16"
298959,"WebKit","JavaScriptCore","dan.hecht","RESOLVED","FIXED","2025-09-16 08:44:00","2025-09-16 13:04:27"
298970,"WebKit","JavaScriptCore","dan.hecht","RESOLVED","FIXED","2025-09-16 11:05:15","2025-09-16 13:20:14"
299044,"WebKit","JavaScriptCore","dan.hecht","RESOLVED","FIXED","2025-09-17 14:58:53","2025-09-18 08:49:34"
299183,"WebKit","JavaScriptCore","dan.hecht","RESOLVED","FIXED","2025-09-19 08:46:51","2025-09-19 14:32:06"
299606,"WebKit","JavaScriptCore","dan.hecht","RESOLVED","FIXED","2025-09-26 09:07:11","2025-09-29 08:49:08"
299831,"WebKit","JavaScriptCore","dan.hecht","RESOLVED","FIXED","2025-09-29 17:01:38","2025-09-30 13:23:16"
299988,"WebKit","JavaScriptCore","dan.hecht","RESOLVED","FIXED","2025-10-01 15:45:12","2025-10-02 09:33:53"
300054,"WebKit","JavaScriptCore","dan.hecht","RESOLVED","FIXED","2025-10-02 16:04:08","2025-10-03 12:36:53"
300106,"WebKit","JavaScriptCore","dan.hecht","RESOLVED","FIXED","2025-10-03 07:56:49","2025-10-03 10:03:46"
300112,"WebKit","JavaScriptCore","dan.hecht","RESOLVED","FIXED","2025-10-03 09:34:47","2025-10-03 12:39:13"
300155,"WebKit","JavaScriptCore","dan.hecht","RESOLVED","FIXED","2025-10-03 18:09:27","2025-10-04 08:28:58"
300242,"WebKit","JavaScriptCore","dan.hecht","RESOLVED","FIXED","2025-10-06 08:59:38","2025-10-06 12:00:42"
299191,"WebKit","JavaScriptCore","daniel_liu4","RESOLVED","FIXED","2025-09-19 10:45:49","2025-09-21 05:31:33"
299547,"WebKit","New Bugs","daniel_liu4","RESOLVED","FIXED","2025-09-25 12:53:37","2025-09-25 17:00:17"
299322,"WebKit","New Bugs","darbinyan","RESOLVED","FIXED","2025-09-22 15:05:48","2025-09-23 13:56:51"
299190,"WebKit","Tools / Tests","darin","RESOLVED","FIXED","2025-09-19 10:22:09","2025-09-27 13:37:55"
299254,"WebKit","Web Template Framework","darin","RESOLVED","FIXED","2025-09-21 09:12:44","2025-09-27 10:33:48"
299664,"WebKit","Tools / Tests","darin","RESOLVED","FIXED","2025-09-27 09:48:01","2025-09-27 11:17:18"
299665,"WebKit","Tools / Tests","darin","RESOLVED","FIXED","2025-09-27 09:58:59","2025-09-27 11:03:47"
299670,"WebKit","Web Template Framework","darin","RESOLVED","FIXED","2025-09-27 13:19:10","2025-09-27 19:58:51"
299671,"WebKit","WebCore Misc.","darin","RESOLVED","FIXED","2025-09-27 13:37:01","2025-09-27 20:46:08"
299672,"WebKit","Layout and Rendering","darin","RESOLVED","FIXED","2025-09-27 13:46:00","2025-09-27 20:04:52"
299674,"WebKit","WebGPU","darin","RESOLVED","FIXED","2025-09-27 14:17:59","2025-09-27 21:02:53"
299706,"WebKit","Web Template Framework","darin","RESOLVED","FIXED","2025-09-28 12:45:01","2025-10-05 15:06:34"
137648,"WebKit","New Bugs","ddkilzer","RESOLVED","DUPLICATE","2014-10-12 08:40:01","2025-10-06 03:25:04"
299216,"WebKit","Tools / Tests","ddkilzer","RESOLVED","FIXED","2025-09-19 16:30:42","2025-09-26 17:33:47"
299224,"WebKit","New Bugs","ddkilzer","RESOLVED","FIXED","2025-09-19 19:00:32","2025-09-26 17:39:41"
299225,"WebKit","Web Template Framework","ddkilzer","RESOLVED","FIXED","2025-09-19 19:26:17","2025-09-30 10:24:39"
299881,"WebKit","Web Template Framework","ddkilzer","RESOLVED","FIXED","2025-09-30 10:24:39","2025-09-30 11:24:43"
300171,"WebKit","WebKit Misc.","ddkilzer","RESOLVED","FIXED","2025-10-04 09:02:31","2025-10-05 07:51:56"
300174,"WebKit","New Bugs","ddkilzer","RESOLVED","FIXED","2025-10-04 10:20:09","2025-10-05 07:52:52"
300176,"WebKit","Web Template Framework","ddkilzer","RESOLVED","FIXED","2025-10-04 11:47:35","2025-10-04 18:12:08"
300247,"WebKit","Web Template Framework","ddkilzer","RESOLVED","FIXED","2025-10-06 10:47:37","2025-10-06 14:26:56"
299161,"WebKit","New Bugs","djg","RESOLVED","WONTFIX","2025-09-19 00:04:07","2025-09-30 22:17:15"
299934,"WebKit","WebXR","djg","RESOLVED","FIXED","2025-09-30 22:35:18","2025-10-01 23:53:31"
298901,"WebKit","Accessibility","dm_mazzoni","RESOLVED","FIXED","2025-09-15 15:15:38","2025-09-24 15:02:24"
254002,"WebKit","WebKitGTK","dpino","RESOLVED","FIXED","2023-03-15 19:54:37","2025-09-26 16:31:54"
298832,"WebKit","WebKit API","dpino","RESOLVED","FIXED","2025-09-13 22:03:09","2025-09-23 22:57:04"
298928,"WebKit","New Bugs","dpino","RESOLVED","FIXED","2025-09-16 00:49:57","2025-09-16 02:41:14"
299597,"WebKit","CMake","dpino","RESOLVED","FIXED","2025-09-26 04:25:47","2025-09-30 07:56:15"
299627,"WebKit","WebCore Misc.","dpino","RESOLVED","FIXED","2025-09-26 12:17:14","2025-10-01 02:17:38"
297336,"WebKit","Tools / Tests","emw","RESOLVED","FIXED","2025-08-13 09:36:44","2025-09-16 10:29:11"
299210,"WebKit","Tools / Tests","emw","RESOLVED","FIXED","2025-09-19 14:51:54","2025-09-23 16:08:27"
299219,"WebKit","Tools / Tests","emw","RESOLVED","FIXED","2025-09-19 16:55:26","2025-09-26 17:19:07"
299408,"WebKit","Tools / Tests","emw","RESOLVED","FIXED","2025-09-23 18:33:08","2025-09-24 17:39:36"
300148,"WebKit","Tools / Tests","emw","RESOLVED","FIXED","2025-10-03 15:38:21","2025-10-03 17:01:37"
278726,"WebKit","Media","eocanha","RESOLVED","FIXED","2024-08-27 07:10:03","2025-09-26 16:02:32"
299873,"WebKit","New Bugs","eocanha","RESOLVED","FIXED","2025-09-30 06:45:50","2025-10-06 02:30:11"
300041,"WebKit","New Bugs","eocanha","RESOLVED","FIXED","2025-10-02 12:55:34","2025-10-03 05:41:25"
299095,"WebKit","Media","eric.carlson","RESOLVED","FIXED","2025-09-18 08:27:22","2025-09-19 16:00:40"
299545,"WebKit","Media","eric.carlson","RESOLVED","FIXED","2025-09-25 12:34:43","2025-10-06 18:53:19"
195002,"WebKit","Layout and Rendering","fantasai.bugs","RESOLVED","CONFIGURATION CHANGED","2019-02-25 04:22:17","2025-09-29 16:37:29"
212372,"WebKit","DOM","fantasai.bugs","RESOLVED","FIXED","2020-05-26 06:18:29","2025-09-19 17:22:01"
285221,"WebKit","Text","fantasai.bugs","RESOLVED","FIXED","2024-12-28 12:46:48","2025-10-03 01:40:08"
296309,"WebKit","Layout and Rendering","fantasai.bugs","RESOLVED","FIXED","2025-07-21 18:53:53","2025-09-24 11:14:06"
296442,"WebKit","Layout and Rendering","fantasai.bugs","RESOLVED","CONFIGURATION CHANGED","2025-07-24 12:46:05","2025-10-01 16:50:04"
298031,"WebKit","Layout and Rendering","fantasai.bugs","RESOLVED","FIXED","2025-08-28 06:10:08","2025-09-18 18:53:08"
299836,"WebKit","Layout and Rendering","fantasai.bugs","RESOLVED","FIXED","2025-09-29 18:02:05","2025-09-30 16:58:51"
299844,"WebKit","Layout and Rendering","fantasai.bugs","RESOLVED","FIXED","2025-09-29 19:28:01","2025-10-01 00:37:18"
299950,"WebKit","Layout and Rendering","fantasai.bugs","RESOLVED","FIXED","2025-10-01 05:15:46","2025-10-06 10:43:33"
299995,"WebKit","Layout and Rendering","fantasai.bugs","RESOLVED","FIXED","2025-10-01 17:25:16","2025-10-02 01:30:43"
298865,"WebKit","New Bugs","fred.wang","RESOLVED","FIXED","2025-09-15 06:52:07","2025-09-23 06:28:28"
299368,"WebKit","New Bugs","fred.wang","RESOLVED","FIXED","2025-09-23 06:28:28","2025-09-26 03:34:18"
299725,"WebKit","New Bugs","fred.wang","RESOLVED","DUPLICATE","2025-09-29 04:24:46","2025-10-06 04:26:50"
281082,"WebKit","Tools / Tests","fujii.hironori","RESOLVED","WONTFIX","2024-10-08 12:44:54","2025-10-01 10:31:49"
299027,"WebKit","New Bugs","gavin.p","RESOLVED","FIXED","2025-09-17 11:07:21","2025-09-24 06:54:04"
299170,"WebKit","New Bugs","gavin.p","RESOLVED","FIXED","2025-09-19 04:33:57","2025-09-22 12:14:47"
299174,"WebKit","New Bugs","gavin.p","RESOLVED","FIXED","2025-09-19 05:31:57","2025-09-29 05:27:06"
299185,"WebKit","New Bugs","gavin.p","RESOLVED","FIXED","2025-09-19 09:35:25","2025-09-22 04:03:55"
299291,"WebKit","New Bugs","gavin.p","RESOLVED","FIXED","2025-09-22 08:18:20","2025-09-22 12:46:12"
299483,"WebKit","New Bugs","gavin.p","RESOLVED","FIXED","2025-09-24 13:44:30","2025-09-30 11:20:32"
299042,"WebKit","WebGPU","ggaren","RESOLVED","FIXED","2025-09-17 14:23:38","2025-09-17 18:24:54"
299472,"WebKit","WebGPU","ggaren","RESOLVED","FIXED","2025-09-24 12:57:08","2025-09-24 15:27:25"
299548,"WebKit","WebGPU","ggaren","RESOLVED","FIXED","2025-09-25 13:06:08","2025-09-25 15:09:44"
299641,"WebKit","CSS","ggaren","RESOLVED","FIXED","2025-09-26 16:27:31","2025-10-06 11:26:01"
288510,"WebKit","SVG","graouts","RESOLVED","FIXED","2025-02-25 11:35:50","2025-09-29 23:10:52"
296048,"WebKit","Animations","graouts","RESOLVED","FIXED","2025-07-16 03:40:38","2025-09-29 11:44:11"
299016,"WebKit","Animations","graouts","RESOLVED","FIXED","2025-09-17 05:44:03","2025-09-17 08:40:14"
300029,"WebKit","MathML","graouts","RESOLVED","FIXED","2025-10-02 09:37:26","2025-10-02 09:43:36"
296890,"WebKit","WebGPU","heycam","RESOLVED","FIXED","2025-08-04 12:02:25","2025-09-17 16:17:12"
298960,"WebKit","WebGL","heycam","RESOLVED","FIXED","2025-09-16 09:11:52","2025-09-16 10:55:57"
299350,"WebKit","WebGL","heycam","RESOLVED","FIXED","2025-09-22 20:59:46","2025-09-24 14:02:20"
281112,"WebKit","JavaScriptCore","hi","RESOLVED","FIXED","2024-10-08 21:23:46","2025-09-23 10:10:50"
297163,"WebKit","New Bugs","hi","RESOLVED","FIXED","2025-08-08 19:31:38","2025-09-23 10:10:50"
299380,"WebKit","New Bugs","hi","RESOLVED","FIXED","2025-09-23 10:09:06","2025-09-25 21:16:12"
286949,"WebKit","New Bugs","jbedard","RESOLVED","FIXED","2025-02-03 13:03:12","2025-09-24 09:46:42"
298238,"WebKit","Tools / Tests","jbedard","RESOLVED","FIXED","2025-09-02 08:58:18","2025-10-06 11:10:09"
298746,"WebKit","New Bugs","jbedard","RESOLVED","FIXED","2025-09-11 16:11:36","2025-09-17 13:54:08"
299265,"WebKit","UI Events","jbedard","RESOLVED","FIXED","2025-09-21 21:17:31","2025-09-21 21:28:47"
299266,"WebKit","New Bugs","jbedard","RESOLVED","FIXED","2025-09-21 21:28:53","2025-09-21 21:45:10"
299953,"WebKit","Canvas","jbedard","RESOLVED","FIXED","2025-10-01 06:38:50","2025-10-01 06:47:09"
300003,"WebKit","Website Storage","jbedard","RESOLVED","FIXED","2025-10-01 20:48:00","2025-10-01 20:55:34"
300152,"WebKit","Tools / Tests","jbedard","RESOLVED","FIXED","2025-10-03 16:49:14","2025-10-06 12:34:30"
300161,"WebKit","Tools / Tests","jbedard","RESOLVED","FIXED","2025-10-03 21:48:33","2025-10-03 21:53:28"
300169,"WebKit","Tools / Tests","jbedard","RESOLVED","FIXED","2025-10-04 07:32:19","2025-10-04 07:38:42"
300188,"WebKit","WebCore Misc.","jbedard","RESOLVED","FIXED","2025-10-04 21:49:48","2025-10-04 22:07:58"
300268,"WebKit","New Bugs","jbedard","RESOLVED","FIXED","2025-10-06 15:38:41","2025-10-06 20:54:57"
299634,"WebKit","WebKit Misc.","jcheung23","RESOLVED","FIXED","2025-09-26 14:35:45","2025-09-30 22:26:57"
298507,"WebKit","Media","jean-yves.avenard","RESOLVED","FIXED","2025-09-06 19:04:58","2025-10-04 20:20:50"
298907,"WebKit","Media","jean-yves.avenard","RESOLVED","FIXED","2025-09-15 17:07:02","2025-10-01 01:14:40"
298908,"WebKit","Media","jean-yves.avenard","RESOLVED","FIXED","2025-09-15 17:15:43","2025-09-18 02:24:59"
299078,"WebKit","Media","jean-yves.avenard","RESOLVED","FIXED","2025-09-18 03:07:17","2025-09-18 05:32:32"
299086,"WebKit","Media","jean-yves.avenard","RESOLVED","FIXED","2025-09-18 06:06:33","2025-09-18 08:52:00"
299164,"WebKit","Media","jean-yves.avenard","RESOLVED","FIXED","2025-09-19 02:18:58","2025-10-01 05:52:57"
299169,"WebKit","Media","jean-yves.avenard","RESOLVED","FIXED","2025-09-19 04:20:08","2025-09-23 09:07:41"
299172,"WebKit","Media","jean-yves.avenard","RESOLVED","FIXED","2025-09-19 04:50:38","2025-09-23 16:30:04"
299287,"WebKit","Media","jean-yves.avenard","RESOLVED","FIXED","2025-09-22 07:27:24","2025-09-22 15:45:21"
299289,"WebKit","Media","jean-yves.avenard","RESOLVED","FIXED","2025-09-22 07:42:08","2025-09-24 17:54:39"
299365,"WebKit","Media","jean-yves.avenard","RESOLVED","FIXED","2025-09-23 03:54:11","2025-09-26 00:05:46"
299370,"WebKit","Media","jean-yves.avenard","RESOLVED","FIXED","2025-09-23 07:33:49","2025-09-24 15:47:46"
299373,"WebKit","PDF","jean-yves.avenard","RESOLVED","FIXED","2025-09-23 08:11:25","2025-09-23 13:21:30"
299419,"WebKit","Media","jean-yves.avenard","RESOLVED","FIXED","2025-09-23 22:49:01","2025-10-01 03:05:21"
299421,"WebKit","Media","jean-yves.avenard","RESOLVED","FIXED","2025-09-23 23:59:57","2025-09-24 17:07:16"
299500,"WebKit","Media","jean-yves.avenard","RESOLVED","FIXED","2025-09-24 18:56:43","2025-09-26 17:46:17"
299520,"WebKit","Media","jean-yves.avenard","RESOLVED","FIXED","2025-09-25 05:26:23","2025-10-01 16:58:02"
299521,"WebKit","Media","jean-yves.avenard","RESOLVED","FIXED","2025-09-25 05:32:31","2025-10-01 05:22:07"
299588,"WebKit","Web Template Framework","jean-yves.avenard","RESOLVED","FIXED","2025-09-26 00:32:17","2025-09-26 06:19:40"
299680,"WebKit","WebKit2","jean-yves.avenard","RESOLVED","FIXED","2025-09-27 17:46:35","2025-09-28 01:03:41"
299696,"WebKit","Media","jean-yves.avenard","RESOLVED","DUPLICATE","2025-09-28 03:30:22","2025-09-28 18:14:54"
299710,"WebKit","Media","jean-yves.avenard","RESOLVED","FIXED","2025-09-28 18:35:28","2025-09-29 17:14:02"
299722,"WebKit","Media","jean-yves.avenard","RESOLVED","FIXED","2025-09-29 02:15:51","2025-10-01 16:00:08"
299838,"WebKit","Media","jean-yves.avenard","RESOLVED","FIXED","2025-09-29 18:25:35","2025-10-03 15:48:14"
299996,"WebKit","Media","jean-yves.avenard","RESOLVED","FIXED","2025-10-01 17:26:55","2025-10-03 15:25:06"
300013,"WebKit","Media","jean-yves.avenard","RESOLVED","FIXED","2025-10-02 01:18:24","2025-10-03 08:02:38"